date,portfolio_value,daily_return
2022-01-24,10000.0,0.0
2022-01-25,10015.746542333109,0.0015746542333108238
2022-01-26,9991.73580834238,-0.002397298482868293
2022-01-27,9921.915005689341,-0.0069878551627379215
2022-01-28,9886.022611560502,-0.003617486554587379
2022-01-31,9931.746364104365,0.004625090831816836
2022-02-01,9979.338929464559,0.004791963428728341
2022-02-02,9993.678050779183,0.0014368808811862088
2022-02-03,10028.72399722649,0.0035068116332379606
2022-02-04,9963.982207678842,-0.006455635788316982
2022-02-07,9959.782039626569,-0.0004215350815296448
2022-02-08,9973.533388002734,0.0013806876818642788
2022-02-09,9993.872734919865,0.002039332112889758
2022-02-10,10035.956362224048,0.004210942886748725
2022-02-11,9957.689120230329,-0.007798682972389281
2022-02-14,9999.492187070195,0.004198069083612754
2022-02-15,9995.897162042813,-0.00035952075966716457
2022-02-16,9987.065581564644,-0.0008835205419783776
2022-02-17,10025.959873169886,0.0038944664263582673
2022-02-18,10041.743218177247,0.0015742477734823623
2022-02-21,10035.056991192487,-0.0006658432544518478
2022-02-22,10029.173687767612,-0.0005862750386009807
2022-02-23,10014.472098427847,-0.0014658824143903848
2022-02-24,9977.727871016821,-0.0036691127649947086
2022-02-25,10000.994374368322,0.0023318438478447945
2022-02-28,10026.893063353426,0.002589611394191005
2022-03-01,10083.396614029136,0.005635200287736231
2022-03-02,10138.002263711345,0.005415402346292231
2022-03-03,10102.30567197862,-0.003521067642734743
2022-03-04,10116.596024559069,0.001414563471395125
2022-03-07,10181.209085016824,0.006386838053125787
2022-03-08,10148.89828178186,-0.0031735723100426716
2022-03-09,10207.243300062755,0.005748901670009854
2022-03-10,10150.711042934852,-0.0055384451478250885
2022-03-11,10136.435266617893,-0.0014063819033539593
2022-03-14,10094.136669160123,-0.004172926314349401
2022-03-15,9985.288842631944,-0.010783272517077558
2022-03-16,9952.068112089142,-0.0033269674083905576
2022-03-17,10035.672308773675,0.008400685741185354
2022-03-18,10078.315400444451,0.0042491514627769345
2022-03-21,10077.339024751222,-9.687885866194179e-05
2022-03-22,10064.870765305493,-0.0012372571186802794
2022-03-23,10052.890374620518,-0.0011903173885027263
2022-03-24,10081.139062417218,0.0028100065497598248
2022-03-25,10125.440578884909,0.00439449512534229
2022-03-28,10108.797423143898,-0.0016436969444784122
2022-03-29,10072.626565953855,-0.003578156300494406
2022-03-30,10102.571832393991,0.0029729352363119244
2022-03-31,10131.874744370343,0.0029005398291148676
2022-04-01,10107.038190393938,-0.002451328564854749
2022-04-04,10082.81941201986,-0.00239622903543546
2022-04-05,10110.706505468715,0.0027658031260195948
2022-04-06,10039.677985363158,-0.007025079806949108
2022-04-07,10016.81764740329,-0.002276999122202583
2022-04-08,10031.715383746709,0.0014872723920735798
2022-04-11,10037.724106688895,0.0005989726295385633
2022-04-12,10002.824216982164,-0.0034768727787082288
2022-04-13,10024.661431286628,0.002183104874260433
2022-04-14,10071.02847761674,0.004625297986164512
2022-04-18,10012.230865416535,-0.0058382927156728215
2022-04-19,10016.051747912337,0.00038162149346754326
2022-04-20,9985.94644296561,-0.003005705811474413
2022-04-21,10015.732758279933,0.00298282345939338
2022-04-22,9963.086040023534,-0.005256402055344056
2022-04-25,9866.775508861414,-0.0096667368700043
2022-04-26,9841.078904628244,-0.0026043568347218216
2022-04-27,9812.880094536931,-0.002865418554672039
2022-04-28,9771.445514586998,-0.004222468791094336
2022-04-29,9832.434466251421,0.006241548558335364
2022-05-02,9747.723685018602,-0.008615443258084055
2022-05-03,9683.634780052473,-0.006574756018641326
2022-05-04,9707.172465773401,0.0024306664032203162
2022-05-05,9803.86101153133,0.009960526208722786
2022-05-06,9696.688625140345,-0.010931650934762116
2022-05-09,9681.872772088278,-0.0015279291338338163
2022-05-10,9588.772538382522,-0.009615932361159873
2022-05-11,9572.390142243938,-0.0017084977324269834
2022-05-12,9577.85772031784,0.0005711821178049359
2022-05-13,9529.00831236661,-0.005100243642960356
2022-05-16,9546.939533185448,0.0018817509892994355
2022-05-17,9563.344805314817,0.0017183802277518367
2022-05-18,9569.009741954345,0.0005923593423484697
2022-05-19,9509.162022873446,-0.006254327322763875
2022-05-20,9547.138020907394,0.0039936219345722
2022-05-23,9568.088075490394,0.0021943806130297894
2022-05-24,9600.03748613269,0.003339163518377264
2022-05-25,9632.211624367152,0.003351459645958288
2022-05-26,9637.374119953785,0.0005359616034155135
2022-05-27,9664.610913894661,0.002826163392835701
2022-05-30,9706.724502209148,0.004357504786244526
2022-05-31,9699.017890634312,-0.0007939456376950815
2022-06-01,9664.455614428472,-0.003563482055148448
2022-06-02,9656.450165463384,-0.0008283393586221433
2022-06-03,9731.839579644478,0.007807156138052385
2022-06-06,9664.91637273077,-0.006876727299706897
2022-06-07,9632.850668349662,-0.003317742559219683
2022-06-08,9683.345047267867,0.005241893667480291
2022-06-09,9652.791372639558,-0.00315528099837048
2022-06-10,9597.88988078305,-0.00568762855603866
2022-06-13,9556.441384974056,-0.00431850087090313
2022-06-14,9347.758505533926,-0.02183688164176356
2022-06-15,9307.32131185556,-0.004325870598221759
2022-06-16,9420.226410094718,0.012130783332400918
2022-06-17,9394.69238305659,-0.0027105534332768633
2022-06-20,9372.16652436003,-0.002397721796318364
2022-06-21,9395.723239946343,0.0025134759956606523
2022-06-22,9394.73324810896,-0.00010536621951295899
2022-06-23,9428.608886015563,0.0036058115767600984
2022-06-24,9434.263562224012,0.0005997360031377852
2022-06-27,9491.172691635153,0.006032175064412115
2022-06-28,9467.713542527452,-0.002471680778538099
2022-06-29,9426.702182536175,-0.004331706890693288
2022-06-30,9439.449534718486,0.0013522599882200836
2022-07-01,9417.670713469768,-0.002307213060318225
2022-07-04,9473.38254982067,0.005915670450360899
2022-07-05,9472.221827710406,-0.00012252456861738814
2022-07-06,9401.311219646599,-0.007486164212958113
2022-07-07,9338.515614220893,-0.006679451829493477
2022-07-08,9360.319680655777,0.002334853560846506
2022-07-11,9349.336409667267,-0.001173386311923541
2022-07-12,9328.013290302566,-0.0022807093926636712
2022-07-13,9304.163286206134,-0.0025568149780861305
2022-07-14,9318.124755403851,0.001500561497927988
2022-07-15,9259.585970470114,-0.006282249537364115
2022-07-18,9300.507930487434,0.004419415743622368
2022-07-19,9275.945920215738,-0.0026409321356719584
2022-07-20,9323.02533581851,0.005075430151028293
2022-07-21,9305.426876339152,-0.001887633986335402
2022-07-22,9394.473755941139,0.009569349239464398
2022-07-25,9415.769521121956,0.0022668396052891726
2022-07-26,9395.551234240469,-0.002147279288870929
2022-07-27,9368.278764685205,-0.0029027003179838973
2022-07-28,9450.139177308196,0.008738041926289908
2022-07-29,9525.189894320481,0.007941757851831266
2022-08-01,9604.446929415551,0.008320782679863248
2022-08-02,9628.588485312202,0.0025135810603225117
2022-08-03,9560.767784733423,-0.007043680460768975
2022-08-04,9613.902175524776,0.005557544329880759
2022-08-05,9661.392257893944,0.0049397301430909035
2022-08-08,9598.805524773352,-0.0064780242277664435
2022-08-09,9629.946652377157,0.003244271125551368
2022-08-10,9622.987817508894,-0.0007226244463717224
2022-08-11,9661.282576790598,0.003979508236727325
2022-08-12,9637.81833464633,-0.002428688112346089
2022-08-15,9703.09729053043,0.006773208792433039
2022-08-16,9674.069558580148,-0.002991594444653356
2022-08-17,9671.273198815341,-0.0002890572315894513
2022-08-18,9619.12395212783,-0.005392180079650699
2022-08-19,9619.444561415614,3.3330404034748184e-05
2022-08-22,9558.3638841125,-0.006349709373877355
2022-08-23,9488.507299215233,-0.007308424929645008
2022-08-24,9499.889509214869,0.001199578568124915
2022-08-25,9501.965336367826,0.00021851066277611686
2022-08-26,9556.9647395012,0.005788213404954057
2022-08-29,9456.819781221173,-0.010478741002998948
2022-08-30,9429.310370114803,-0.0029089494928301596
2022-08-31,9385.650556209093,-0.004630223440739045
2022-09-01,9336.39649451887,-0.0052478047627331215
2022-09-02,9301.74153708051,-0.0037118129525353094
2022-09-05,9316.794416859999,0.0016182861800106974
2022-09-06,9289.704588880648,-0.0029076339744417146
2022-09-07,9267.41116624918,-0.002399798876075443
2022-09-08,9346.385772931002,0.008521754917860891
2022-09-09,9333.914957585184,-0.00133429281101749
2022-09-12,9373.990783645218,0.004293570944469138
2022-09-13,9401.640453982262,0.002949615694660457
2022-09-14,9268.375961017462,-0.014174600019760675
2022-09-15,9265.381085176175,-0.0003231284373749199
2022-09-16,9181.91067635117,-0.009008847888464233
2022-09-19,9185.785230768844,0.000421976923349332
2022-09-20,9195.632470353543,0.0010720084714928024
2022-09-21,9141.088053106954,-0.005931556901870305
2022-09-22,9135.578690794317,-0.000602703122498105
2022-09-23,9083.847315501704,-0.0056626270807279555
2022-09-26,9003.790511150115,-0.00881309444897549
2022-09-27,8918.717733810648,-0.009448551388897108
2022-09-28,8907.203159147344,-0.0012910571908395507
2022-09-29,9040.923708408913,0.015012630437674757
2022-09-30,8995.967476079219,-0.00497252645632662
2022-10-03,8954.91754244164,-0.004563148293580621
2022-10-04,9093.459799145014,0.015471081229587513
2022-10-05,9196.652391732681,0.011348001186233914
2022-10-06,9162.277363176305,-0.003737776213796895
2022-10-07,9125.007969034783,-0.004067699837521754
2022-10-10,9027.961203573463,-0.01063525268039689
2022-10-11,8959.649556656801,-0.007566674842335641
2022-10-12,8946.75396579569,-0.0014392963451935747
2022-10-13,8961.021418350723,0.0015947071540785007
2022-10-14,8980.28930560026,0.0021501887284944843
2022-10-17,8889.208674383732,-0.010142282516413803
2022-10-18,8946.933495029249,0.006493808702214832
2022-10-19,8978.322114203133,0.0035083103268089832
2022-10-20,8904.70149284032,-0.008199819568329936
2022-10-21,8867.87295560426,-0.0041358530957688044
2022-10-24,8965.261503721897,0.010982176741276994
2022-10-25,8966.935818233105,0.00018675579184312951
2022-10-26,9029.042245527171,0.006926159454356817
2022-10-27,9046.411488156935,0.0019237082026466457
2022-10-28,9049.166755571769,0.0003045702064781164
2022-10-31,9050.531886981618,0.00015085713930607092
2022-11-01,9007.81823052863,-0.004719463672011148
2022-11-02,9026.71904996286,0.0020982682987731316
2022-11-03,8952.3393593164,-0.008239947453196228
2022-11-04,8914.203541105015,-0.004259871825759043
2022-11-07,9024.241177130356,0.012344079369282612
2022-11-08,9020.426631465198,-0.0004226998802764337
2022-11-09,9106.918472600082,0.00958844239508383
2022-11-10,9065.258073046183,-0.004574587955216924
2022-11-11,9301.320626336617,0.026040356643824758
2022-11-14,9338.702236331826,0.004018957253162814
2022-11-15,9316.588537207996,-0.0023679627601572717
2022-11-16,9364.081509408414,0.005097678405646455
2022-11-17,9357.830763764672,-0.0006675236260450523
2022-11-18,9315.80684690525,-0.004490775471399422
2022-11-21,9297.313755782416,-0.001985130373219235
2022-11-22,9270.44969858691,-0.002889442897288208
2022-11-23,9311.278725090651,0.0044042120750587
2022-11-24,9352.919259770615,0.004472053292503997
2022-11-25,9359.646611754755,0.0007192783127163427
2022-11-28,9358.50565179397,-0.00012190203413797729
2022-11-29,9309.58923124427,-0.005226947802326021
2022-11-30,9307.424902925637,-0.0002324837610846453
2022-12-01,9444.346544501854,0.014711012229943199
2022-12-02,9530.431541135093,0.009114976481179093
2022-12-05,9525.256587067815,-0.0005429926278721631
2022-12-06,9419.603688778572,-0.011091869003579946
2022-12-07,9407.06061023835,-0.0013315930218130712
2022-12-08,9453.02159852087,0.004885796975996781
2022-12-09,9463.218520757786,0.0010786944820384559
2022-12-12,9441.946336744768,-0.002247880461214824
2022-12-13,9440.813185605988,-0.00012001245276838102
2022-12-14,9524.89056597601,0.008905734995181325
2022-12-15,9511.091265476503,-0.0014487621042911236
2022-12-16,9415.973837689351,-0.010000685003666243
2022-12-19,9413.567377017507,-0.0002555721493417984
2022-12-20,9368.520081408373,-0.004785358600514544
2022-12-21,9403.667241644518,0.003751623514784752
2022-12-22,9431.416963408037,0.002950946800906351
2022-12-23,9362.995168390684,-0.007254667594786213
2022-12-26,9370.271532184528,0.0007771406118428636
2022-12-27,9350.19969295069,-0.002142076583895869
2022-12-28,9369.125228382016,0.002024078207184754
2022-12-29,9325.771555520107,-0.004627291428507929
2022-12-30,9385.304666529797,0.006383719637057972
2023-01-02,9383.03747849497,-0.00024156786757401072
2023-01-03,9389.914046408381,0.0007328722632911067
2023-01-04,9416.940990935973,0.0028782951999362094
2023-01-05,9471.46288707133,0.00578976720655211
2023-01-06,9410.832045615476,-0.006401423114756111
2023-01-09,9535.733834306422,0.013272130252195646
2023-01-10,9551.936178533917,0.0016991187578248024
2023-01-11,9559.644583439409,0.0008069992053354458
2023-01-12,9595.289963526087,0.003728734868284622
2023-01-13,9661.753299681914,0.006926662603055078
2023-01-16,9692.651480710421,0.0031979890264353106
2023-01-17,9678.433793937971,-0.0014668521612218877
2023-01-18,9664.94584413812,-0.0013936087270959296
2023-01-19,9655.865096671756,-0.0009395549248598645
2023-01-20,9679.295778681355,0.0024265751204080033
2023-01-23,9689.308041411234,0.0010343999149122762
2023-01-24,9712.113509909717,0.002353673595783645
2023-01-25,9736.239733340404,0.0024841372998853917
2023-01-26,9752.970156332458,0.0017183659657395989
2023-01-27,9740.465348647385,-0.00128215379362695
2023-01-30,9736.466652088051,-0.0004105241809508886
2023-01-31,9696.50747008761,-0.0041040742425663135
2023-02-01,9772.430663368357,0.007829952538577434
2023-02-02,9849.041935130608,0.00783953085995548
2023-02-03,9816.038996287589,-0.003350878091533005
2023-02-06,9690.333891346427,-0.012806092660053947
2023-02-07,9664.217129657975,-0.0026951353773035924
2023-02-08,9690.738048302377,0.0027442386991713974
2023-02-09,9682.100880793572,-0.0008912806708585297
2023-02-10,9629.150733530592,-0.005468869609489113
2023-02-13,9625.499463031929,-0.0003791892555954357
2023-02-14,9635.343624773419,0.0010227169799652547
2023-02-15,9626.279306079014,-0.0009407364228402049
2023-02-16,9593.76243893941,-0.0033779268298468335
2023-02-17,9554.190541886568,-0.0041247526509752275
2023-02-20,9568.47526360927,0.001495126317617057
2023-02-21,9517.735578653335,-0.005302797317029984
2023-02-22,9491.107004248035,-0.0027977846395548234
2023-02-23,9480.791463517426,-0.0010868638111436457
2023-02-24,9492.363785517704,0.0012206071660587625
2023-02-27,9435.701791014406,-0.00596921860387889
2023-02-28,9457.481013296478,0.0023081719584241434
2023-03-01,9470.681411144702,0.001395762553439539
2023-03-02,9460.224220588392,-0.0011041645370949427
2023-03-03,9464.08646947275,0.0004082618756489076
2023-03-06,9549.183365029583,0.008991559389416093
2023-03-07,9528.079296160031,-0.0022100391272030784
2023-03-08,9440.294979472175,-0.009213222724042014
2023-03-09,9442.449590240209,0.00022823553424111687
2023-03-10,9450.247951129459,0.0008258832429786089
2023-03-13,9528.221052403464,0.008250905338910819
2023-03-14,9629.279539393436,0.01060622821764623
2023-03-15,9620.723663341045,-0.0008885271236948045
2023-03-16,9668.970363806782,0.005014872285499461
2023-03-17,9682.29987035105,0.0013785859344612739
2023-03-20,9801.808432318387,0.012342993252387746
2023-03-21,9791.684428645949,-0.0010328709995042207
2023-03-22,9732.987987889495,-0.005994519245813845
2023-03-23,9776.703238077898,0.004491452187426637
2023-03-24,9831.569922272402,0.005611982163968188
2023-03-27,9823.339649152533,-0.0008371270493864325
2023-03-28,9757.614700480719,-0.006690692882382776
2023-03-29,9780.482084930372,0.0023435424693010187
2023-03-30,9790.908128464689,0.0010660050745741056
2023-03-31,9857.882102804657,0.0068404251639597735
2023-04-03,9886.3061978223,0.002883387600015608
2023-04-04,9926.721934860576,0.004088052325061486
2023-04-05,9986.581413595304,0.006030135539962567
2023-04-06,9991.509377280818,0.0004934585201303854
2023-04-10,9978.328608223897,-0.0013191969860821828
2023-04-11,9929.381607586409,-0.004905330597866575
2023-04-12,9949.245693923085,0.002000536097988226
2023-04-13,9961.860556141239,0.0012679214692485896
2023-04-14,10022.187913156846,0.00605583230919815
2023-04-17,9945.3989131722,-0.007661899841634345
2023-04-18,9921.141067454124,-0.002439102335648591
2023-04-19,9941.771578586922,0.002079449429509328
2023-04-20,9920.420383347224,-0.002147624804183401
2023-04-21,9938.51971852166,0.0018244524400214956
2023-04-24,9898.344800677287,-0.0040423442305499435
2023-04-25,9920.70930831559,0.002259418932019086
2023-04-26,9931.222209429126,0.0010596924863752744
2023-04-27,9895.508962670334,-0.003596057565289912
2023-04-28,9914.076870216051,0.001876397425919496
2023-05-01,9952.9432585663,0.003920323481353183
2023-05-02,9909.522694985135,-0.0043625852627858785
2023-05-03,9973.867902704906,0.0064932701301883
2023-05-04,10010.173091519802,0.0036400310460349417
2023-05-05,10008.74463588941,-0.00014270039262376244
2023-05-08,9981.90224480488,-0.0026818938898969247
2023-05-09,9970.90703233511,-0.0011015147413904192
2023-05-10,9979.000065665536,0.0008116647065488092
2023-05-11,9999.672982207601,0.002071642088989911
2023-05-12,9980.579888568358,-0.0019093718037795915
2023-05-15,9954.455519162238,-0.0026175201939961923
2023-05-16,9962.249297412458,0.0007829437014628127
2023-05-17,9898.965065621087,-0.00635240395036174
2023-05-18,9904.415732959316,0.0005506300206230552
2023-05-19,9869.52517778298,-0.003522727247830426
2023-05-22,9886.538467168379,0.0017238204552836311
2023-05-23,9874.22284636104,-0.001245695937788116
2023-05-24,9859.415061666916,-0.00149964052103424
2023-05-25,9807.984922908488,-0.005216347870208415
2023-05-26,9785.781238269166,-0.0022638375582594294
2023-05-29,9821.382926861615,0.0036381038698496404
2023-05-30,9829.762630350853,0.0008532101386984348
2023-05-31,9891.15532751927,0.006245593050116627
2023-06-01,9895.699096605646,0.0004593769823566518
2023-06-02,9946.087610190501,0.0050919609714223935
2023-06-05,9907.36031222136,-0.003893721781563775
2023-06-06,9925.053740808029,0.0017858872625073907
2023-06-07,9935.519012672177,0.0010544297428958238
2023-06-08,9873.227533986603,-0.006269574705269565
2023-06-09,9939.54123455589,0.006716516999230038
2023-06-12,9928.338809777795,-0.0011270565224025253
2023-06-13,9944.333384524312,0.0016110021074990932
2023-06-14,9918.801925708322,-0.0025674379396535274
2023-06-15,9922.287672993853,0.0003514282583358952
2023-06-16,9988.634995396622,0.00668669611175976
2023-06-19,9972.449257170581,-0.001620415425481081
2023-06-20,9957.919298488086,-0.00145701003913834
2023-06-21,9934.92681948621,-0.00230896418344817
2023-06-22,9918.992055648656,-0.0016039135594134724
2023-06-23,9881.286801619772,-0.0038013191075610964
2023-06-26,9884.005710009225,0.00027515731949079303
2023-06-27,9885.602613675872,0.00016156442170300878
2023-06-28,9885.616725096585,1.427471977510919e-06
2023-06-29,9882.767734500663,-0.0002881955344969933
2023-06-30,9866.508308268572,-0.001645230027548794
2023-07-03,9914.733593208126,0.004887776245942943
2023-07-04,9913.551282647253,-0.00011924783956707152
2023-07-05,9912.668216753173,-8.907664558377437e-05
2023-07-06,9887.182307142073,-0.0025710443498982993
2023-07-07,9843.754519716525,-0.0043923320190198956
2023-07-10,9856.812965014866,0.0013265716116939164
2023-07-11,9872.064695527208,0.0015473287934422153
2023-07-12,9900.315737552206,0.0028617156487840134
2023-07-13,9978.734718677686,0.007920856587233294
2023-07-14,10021.69731780204,0.004305415499616272
2023-07-17,9994.056838470518,-0.0027580636747451814
2023-07-18,10006.792674844806,0.001274340998868695
2023-07-19,10062.896467966333,0.005606570950806411
2023-07-20,10075.72960277534,0.0012752923425038976
2023-07-21,10029.668530861893,-0.004571487498112314
2023-07-24,10018.02594493595,-0.0011608146261382624
2023-07-25,10007.837798124636,-0.0010169814759227735
2023-07-26,10026.864865753701,0.0019012166276946019
2023-07-27,10044.917245946352,0.0018004012654351254
2023-07-28,9962.039773952805,-0.00825068738390966
2023-07-31,10012.234978808749,0.005038647304659971
2023-08-01,10090.195308500557,0.007786506195351484
2023-08-02,10032.25427537223,-0.005742310367323977
2023-08-03,9979.521238417672,-0.005256349720322628
2023-08-04,9952.962817586842,-0.0026612920796831308
2023-08-07,9981.156427156177,0.002832685109555255
2023-08-08,9983.505586065085,0.00023535939207564027
2023-08-09,9967.84845129572,-0.001568300296362679
2023-08-10,9936.603345019856,-0.003134588816085304
2023-08-11,9913.415812810335,-0.0023335471291748844
2023-08-14,9903.787164478816,-0.0009712745347650875
2023-08-15,9899.788419961576,-0.0004037591328276413
2023-08-16,9862.28678905139,-0.0037881244850213047
2023-08-17,9820.665365239054,-0.004220260949878485
2023-08-18,9799.845877559073,-0.002119967120931876
2023-08-21,9802.492461321923,0.00027006381487182374
2023-08-22,9808.951775581852,0.0006589461083919002
2023-08-23,9810.15267425794,0.00012242884903135298
2023-08-24,9890.13333502192,0.008152845671184128
2023-08-25,9854.54627966216,-0.0035982381788264295
2023-08-28,9863.788315887865,0.0009378449259280774
2023-08-29,9889.337484497484,0.002590198389442966
2023-08-30,9965.149496553258,0.007666035482621236
2023-08-31,9979.934302188016,0.0014836511624709559
2023-09-01,9978.167142391407,-0.0001770712855516665
2023-09-04,9965.815241772088,-0.0012378927355147784
2023-09-05,9943.61865281117,-0.0022272727742213005
2023-09-06,9917.127152218749,-0.002664171014335137
2023-09-07,9884.319402561168,-0.0033081908857285347
2023-09-08,9890.336609531852,0.0006087629026967356
2023-09-11,9891.029015197535,7.000830133674363e-05
2023-09-12,9904.583529069945,0.0013703846032180333
2023-09-13,9881.24749378286,-0.0023560844551004934
2023-09-14,9878.016576529122,-0.00032697463106456937
2023-09-15,9892.283893611311,0.0014443503887298093
2023-09-18,9881.554926269713,-0.0010845794011762333
2023-09-19,9901.338030397394,0.0020020233936146603
2023-09-20,9884.457240891463,-0.0017048998280946304
2023-09-21,9861.633383933056,-0.002309065273102262
2023-09-22,9788.854489003163,-0.007380004112550798
2023-09-25,9802.695920679484,0.0014139991243991012
2023-09-26,9775.43813060256,-0.0027806422128652253
2023-09-27,9718.90603295103,-0.005783075591727527
2023-09-28,9668.63214265956,-0.0051727931231170254
2023-09-29,9670.310925836255,0.00017363192144692619
2023-10-02,9637.348096690703,-0.003408662802918294
2023-10-03,9586.868676080745,-0.005237895332149689
2023-10-04,9530.860619134588,-0.005842163780327647
2023-10-05,9561.296648832495,0.003193418822724281
2023-10-06,9556.294276026581,-0.0005231897921004203
2023-10-09,9585.478920222144,0.0030539708544530253
2023-10-10,9672.890218770892,0.00911913731971592
2023-10-11,9679.131310102017,0.0006452147383015916
2023-10-12,9724.887371338307,0.00472729006047623
2023-10-13,9676.485607377219,-0.004977102778973119
2023-10-16,9787.419903178225,0.011464316726356838
2023-10-17,9771.679302507537,-0.001608248223372577
2023-10-18,9756.06060821053,-0.0015983633737344238
2023-10-19,9757.076850756315,0.00010416525548540001
2023-10-20,9768.936931427392,0.0012155362566563799
2023-10-23,9765.536769463384,-0.00034805854392083724
2023-10-24,9760.939987035032,-0.00047071477348037405
2023-10-25,9779.14955290003,0.0018655545356476289
2023-10-26,9743.450969704116,-0.003650479318554556
2023-10-27,9745.373852392157,0.0001973512971964464
2023-10-30,9768.278145456346,0.0023502734129146052
2023-10-31,9771.904065554612,0.0003711933714696247
2023-11-01,9759.032449790911,-0.0013172065216104922
2023-11-02,9805.325055310568,0.00474356507756557
2023-11-03,9863.611944124164,0.005944411682917927
2023-11-06,9910.709939319244,0.004774923776592388
2023-11-07,9878.427954524534,-0.0032572827771536472
2023-11-08,9883.874439610441,0.0005513514003423481
2023-11-09,9867.002682941886,-0.00170699828004095
2023-11-10,9838.278295857284,-0.0029111563062874657
2023-11-13,9839.902107246477,0.00016505036149228047
2023-11-14,9850.099717990344,0.0010363528653762888
2023-11-15,9949.592599159167,0.010100697862693409
2023-11-16,9928.794772567979,-0.002090319415987474
2023-11-17,9980.951389999174,0.005253066321332156
2023-11-20,9985.413367193918,0.00044704928622474327
2023-11-21,10000.105454062612,0.0014713548982321356
2023-11-22,10030.789467658311,0.0030683690023722843
2023-11-23,10025.405533938201,-0.0005367407757354004
2023-11-24,10022.714941369808,-0.00026837742964958
2023-11-27,10033.55936885745,0.0010819850261210018
2023-11-28,10064.041319682969,0.0030379997471414733
2023-11-29,10120.218168093881,0.005581937377487023
2023-11-30,10171.567176882912,0.005073903342412089
2023-12-01,10151.908779825148,-0.0019326812393711812
2023-12-04,10246.450543700665,0.009312708173993878
2023-12-05,10158.880619296777,-0.008546366766755575
2023-12-06,10161.29220779337,0.000237387226700303
2023-12-07,10172.882322891466,0.0011406142901004834
2023-12-08,10190.344264734384,0.0017165186118022202
2023-12-11,10143.843274160625,-0.0045632403936228805
2023-12-12,10115.606534636281,-0.0027836332602132474
2023-12-13,10124.955589355637,0.0009242208746795821
2023-12-14,10270.698369063894,0.014394411750455083
2023-12-15,10316.31590076681,0.004441521896925593
2023-12-18,10287.042896976043,-0.0028375443396988498
2023-12-19,10299.996250395108,0.0012591911542307876
2023-12-20,10337.051486364873,0.0035975970348867126
2023-12-21,10300.790771747395,-0.0035078392194628494
2023-12-22,10343.934248951586,0.00418836554981028
2023-12-25,10354.968596564398,0.0010667457223958454
2023-12-26,10363.512714614504,0.0008251225458029143
2023-12-27,10389.475027347351,0.002505165328376968
2023-12-28,10429.3820809923,0.0038411039576018435
2023-12-29,10401.047084449925,-0.002716843272432823
2024-01-01,10382.667606188406,-0.0017670796134551248
2024-01-02,10365.4423966197,-0.0016590350593945757
2024-01-03,10353.107584200548,-0.0011899938224704254
2024-01-04,10313.064630956058,-0.0038677230888238823
2024-01-05,10291.08078827465,-0.0021316498507553128
2024-01-08,10287.498147090568,-0.0003481307024782998
2024-01-09,10298.555919321583,0.001074874772555079
2024-01-10,10295.949649870414,-0.0002530713501569526
2024-01-11,10293.75709982967,-0.00021295267705301324
2024-01-12,10312.204265816066,0.001792073176731579
2024-01-15,10353.30262592252,0.003985409816084751
2024-01-16,10338.502304846152,-0.0014295265589273631
2024-01-17,10287.756031341125,-0.004908474362020465
2024-01-18,10231.749421530041,-0.0054440064131052734
2024-01-19,10268.754786689937,0.003616719256438028
2024-01-22,10305.602425486331,0.0035883259033662185
2024-01-23,10304.212308591243,-0.00013488943563855216
2024-01-24,10316.2339089597,0.00116666854374059
2024-01-25,10284.430532788232,-0.003082847524797483
2024-01-26,10317.81889017426,0.0032464954942892366
2024-01-29,10308.848059925209,-0.0008694502534439819
2024-01-30,10362.140302113683,0.005169563260481347
2024-01-31,10400.82370552605,0.00373314800654434
2024-02-01,10390.132726488511,-0.0010278973416172343
2024-02-02,10460.758879544444,0.0067974254915801335
2024-02-05,10425.78239998291,-0.003343589118560919
2024-02-06,10367.771717185733,-0.005564156297495071
2024-02-07,10404.922744332633,0.003583318398621582
2024-02-08,10414.686334905547,0.0009383626205425877
2024-02-09,10406.180967884144,-0.0008166704927922153
2024-02-12,10397.14839601575,-0.0008680006523306139
2024-02-13,10390.410542651363,-0.000648048205887708
2024-02-14,10286.721512904409,-0.009979300560004178
2024-02-15,10314.915200593505,0.0027407845788114393
2024-02-16,10353.066184798732,0.0036986231552376125
2024-02-19,10346.925048597906,-0.0005931707661487318
2024-02-20,10347.629171817016,6.805144676347297e-05
2024-02-21,10356.31047133491,0.000838965078255649
2024-02-22,10351.672008799653,-0.0004478875510824931
2024-02-23,10393.004291707603,0.003992812259972611
2024-02-26,10425.572888548597,0.0031337037806267176
2024-02-27,10404.83745812408,-0.0019889008159246213
2024-02-28,10399.817395645387,-0.0004824738972519782
2024-02-29,10412.261528058585,0.001196572203124413
2024-03-01,10446.26868895467,0.0032660686445920017
2024-03-04,10538.652095726186,0.00884367514586315
2024-03-05,10578.621364181803,0.003792635727279281
2024-03-06,10594.618780100865,0.0015122401462659418
2024-03-07,10643.50766299228,0.004614501371511315
2024-03-08,10688.681442007617,0.004244256728672902
2024-03-11,10703.26798092334,0.0013646714980573016
2024-03-12,10701.865728717305,-0.00013101159463957401
2024-03-13,10675.421257587803,-0.0024710150360549576
2024-03-14,10690.300876994128,0.0013938203511874026
2024-03-15,10644.781090927949,-0.004258045361860585
2024-03-18,10614.711944968252,-0.0028247782366631613
2024-03-19,10632.319324597189,0.0016587713091247291
2024-03-20,10646.606530522307,0.0013437525236912329
2024-03-21,10717.816535860171,0.006688516677470391
2024-03-22,10716.15442158054,-0.0001550795606614086
2024-03-25,10701.7930471681,-0.001340161204052781
2024-03-26,10697.016377420723,-0.00044634293770429156
2024-03-27,10704.872415593702,0.0007344139614071654
2024-03-28,10789.756727032405,0.007929502393232868
2024-04-01,10857.24160916113,0.006254532315788985
2024-04-02,10846.433425022438,-0.000995481589870173
2024-04-03,10867.83663703278,0.0019732949230080177
2024-04-04,10901.394595504,0.0030878232340068035
2024-04-05,10869.681288931071,-0.0029091054630761004
2024-04-08,10932.778372501103,0.005804869700667847
2024-04-09,10940.492877053577,0.0007056307454176292
2024-04-10,10976.054972075657,0.003250502095446528
2024-04-11,10886.073135813464,-0.008198012536482113
2024-04-12,10956.579951461426,0.006476790553244349
2024-04-15,10889.99757721546,-0.00607693044188351
2024-04-16,10901.020940925306,0.0010122466632049854
2024-04-17,10886.579850447924,-0.001324746604528193
2024-04-18,10856.968739910684,-0.0027199644832460734
2024-04-19,10869.124183236794,0.001119598261476673
2024-04-22,10872.75600867295,0.0003341414979651791
2024-04-23,10799.577766914499,-0.006730422507419287
2024-04-24,10821.8761647469,0.0020647471886090507
2024-04-25,10802.49414641564,-0.001791003522512935
2024-04-26,10806.733695937904,0.00039246024712458194
2024-04-29,10842.665156996225,0.0033249140831357327
2024-04-30,10856.812594404326,0.0013047933513812282
2024-05-01,10738.653873896948,-0.010883371107306083
2024-05-02,10789.104614849828,0.004698050756204442
2024-05-03,10797.633978010776,0.0007905533837542222
2024-05-06,10837.51622136654,0.0036936094923187834
2024-05-07,10895.879286499396,0.005385280532986814
2024-05-08,10891.200045309528,-0.0004294505350904698
2024-05-09,10875.960526849092,-0.001399250624085191
2024-05-10,10948.52632928058,0.006672128153862422
2024-05-13,10964.024381380592,0.001415537729362315
2024-05-14,10931.970108177919,-0.0029235864576431236
2024-05-15,10982.287536946538,0.004602777749179721
2024-05-16,11070.257443306986,0.008010162369588292
2024-05-17,11045.330723860754,-0.0022516838089706726
2024-05-20,11097.133306693473,0.004689998346614654
2024-05-21,11110.10408672199,0.001168840606852406
2024-05-22,11114.485601602923,0.00039437208209136543
2024-05-23,11044.963691803368,-0.0062550721906129425
2024-05-24,10943.725100157055,-0.009166041145200365
2024-05-27,10969.710054079465,0.0023744158122207537
2024-05-28,10983.052252632311,0.0012162763178853453
2024-05-29,11026.239270254162,0.003932150792736122
2024-05-30,10959.561961225701,-0.006047148750738418
2024-05-31,10965.580244343937,0.00054913537051271
2024-06-03,10973.69064247726,0.0007396232531795555
2024-06-04,11030.146115637881,0.005144620438094938
2024-06-05,11012.26087558796,-0.0016214871373794182
2024-06-06,11093.481271207711,0.00737545146608376
2024-06-07,11122.140361979176,0.0025834172403433886
2024-06-10,10966.117844295199,-0.014028101840661722
2024-06-11,10992.093437071087,0.002368713627256991
2024-06-12,11020.414692292921,0.0025765115065634614
2024-06-13,11064.976746107466,0.004043591376439615
2024-06-14,11057.684462110741,-0.0006590419631283817
2024-06-17,11108.810991578874,0.004623619858508121
2024-06-18,11090.32409505399,-0.0016641651873362528
2024-06-19,11126.965273515127,0.0033038870773378637
2024-06-20,11117.640829544007,-0.0008380042304360069
2024-06-21,11156.487973725629,0.0034941895297058156
2024-06-24,11094.751460899368,-0.005533687032303947
2024-06-25,11109.658321298384,0.0013435957039282798
2024-06-26,11099.074593583877,-0.0009526600556397646
2024-06-27,11051.66614464913,-0.004271387540917271
2024-06-28,11104.584061066207,0.004788229731559346
2024-07-01,11075.75776269496,-0.0025958917698065687
2024-07-02,11067.54868845449,-0.0007411749531143208
2024-07-03,11087.018944483154,0.0017592202733180962
2024-07-04,11158.78326383233,0.0064728237327389415
2024-07-05,11172.970158858727,0.0012713657655112343
2024-07-08,11238.347594089002,0.005851392628883012
2024-07-09,11190.862114910948,-0.004225307927210764
2024-07-10,11197.854880100302,0.0006248638503048021
2024-07-11,11233.296212578467,0.0031650108755336692
2024-07-12,11296.891792172513,0.00566134626832282
2024-07-15,11310.278695255489,0.0011850076400883314
2024-07-16,11324.29919647741,0.0012396247342518762
2024-07-17,11421.283643638368,0.008564278060679165
2024-07-18,11373.984420077497,-0.0041413229052600364
2024-07-19,11323.356448943268,-0.00445120806081456
2024-07-22,11234.442743895112,-0.00785223934696977
2024-07-23,11249.452251695566,0.0013360260177222028
2024-07-24,11265.735983315744,0.0014475132882780795
2024-07-25,11185.73356618536,-0.007101392864954925
2024-07-26,11130.707393806468,-0.00491931727618089
2024-07-29,11201.748138358635,0.006382410572727482
2024-07-30,11202.494716921905,6.664839755798901e-05
2024-07-31,11306.645093878838,0.009297069946358372
2024-08-01,11419.564241527394,0.009986971971879477
2024-08-02,11399.293232242544,-0.0017751123296924076
2024-08-05,11400.592011737004,0.00011393508948320807
2024-08-06,11283.44438850374,-0.010275573681845618
2024-08-07,11249.089067567611,-0.0030447547533564157
2024-08-08,11210.297777343581,-0.0034483939091449756
2024-08-09,11318.335035075703,0.009637322743599963
2024-08-12,11343.117206335844,0.0021895597880201567
2024-08-13,11414.846761953675,0.006323619364328348
2024-08-14,11456.072098656301,0.0036115541068875157
2024-08-15,11442.277386426149,-0.0012041397881713545
2024-08-16,11472.633199252845,0.00265295201309379
2024-08-19,11560.325357514212,0.007643594695163625
2024-08-20,11582.751460379886,0.0019399196970781851
2024-08-21,11605.17598720024,0.001936027626687764
2024-08-22,11618.619283724165,0.001158387993318799
2024-08-23,11540.405513611502,-0.006731761167372841
2024-08-26,11621.738646924525,0.007047684175143898
2024-08-27,11618.591446263204,-0.00027080291141745594
2024-08-28,11629.853545045034,0.0009693170496543058
2024-08-29,11584.708917089638,-0.003881788173904499
2024-08-30,11600.971576694374,0.001403803904019174
2024-09-02,11589.4059063524,-0.0009969570449779308
2024-09-03,11559.625344111391,-0.002569636656240104
2024-09-04,11541.678567694824,-0.0015525396267025426
2024-09-05,11561.464273574302,0.0017142832182883705
2024-09-06,11590.52175048601,0.0025133042168477004
2024-09-09,11526.036937860263,-0.005563581520654504
2024-09-10,11571.164454965225,0.003915267437390346
2024-09-11,11610.774204689067,0.003423142923774325
2024-09-12,11625.21231888455,0.0012435100313683556
2024-09-13,11703.9174483271,0.006770210064438675
2024-09-16,11752.462093729577,0.004147726230708804
2024-09-17,11771.11150293504,0.0015868512535270884
2024-09-18,11745.732968832464,-0.0021560015038722957
2024-09-19,11707.783720921314,-0.003230896531689398
2024-09-20,11784.595149081,0.006560714648531363
2024-09-23,11829.043193689646,0.0037717073897198805
2024-09-24,11843.029488050024,0.001182369032842745
2024-09-25,11892.772953556694,0.004200231499622786
2024-09-26,11874.105710142974,-0.0015696291761911896
2024-09-27,11901.458623285007,0.002303576691141229
2024-09-30,11891.608531761192,-0.0008276373372035906
2024-10-01,11857.759927959789,-0.002846427689828346
2024-10-02,11884.475599593974,0.002253011681505823
2024-10-03,11868.035830264602,-0.0013832978318314426
2024-10-04,11843.18289207076,-0.0020941071083105944
2024-10-07,11831.904848672688,-0.0009522814517727296
2024-10-08,11780.484865886681,-0.004345875279057498
2024-10-09,11779.846936874279,-5.4151337543828504e-05
2024-10-10,11764.733194023816,-0.0012830169128218438
2024-10-11,11787.694467081585,0.0019517036790457354
2024-10-14,11841.756938321458,0.0045863481947931994
2024-10-15,11845.4993352253,0.0003160339232881615
2024-10-16,11862.485241183273,0.0014339544055741449
2024-10-17,11893.637102512906,0.0026260821991570538
2024-10-18,11899.535755421795,0.0004959503016652711
2024-10-21,11951.54769550087,0.00437092178620313
2024-10-22,11922.254260949712,-0.0024510159937014553
2024-10-23,11958.36864531832,0.0030291573705902852
2024-10-24,11882.210153248569,-0.006368635583045679
2024-10-25,11920.725316102087,0.0032414140430758742
2024-10-28,11930.05802302396,0.0007828975732933063
2024-10-29,11923.000641619954,-0.0005915630410502359
2024-10-30,11972.225021800821,0.004128522815727953
2024-10-31,11976.195582814227,0.00033164771011029437
2024-11-01,11870.571209635802,-0.00881952640536332
2024-11-04,11853.143526716842,-0.001468141895717201
2024-11-05,11864.879223192012,0.0009900914849059195
2024-11-06,11908.000015730699,0.003634322080110053
2024-11-07,11821.643272567606,-0.007251993873783502
2024-11-08,11925.172476376338,0.008757598366123442
2024-11-11,11912.732270668906,-0.0010431887448232313
2024-11-12,11816.11242120913,-0.008110637195941184
2024-11-13,11758.412742663651,-0.004883135543117589
2024-11-14,11720.002810621316,-0.003266591578553024
2024-11-15,11695.97469082942,-0.002050180377953459
2024-11-18,11660.294926337663,-0.0030506020605305384
2024-11-19,11743.46660594196,0.007132896734578509
2024-11-20,11787.773394473641,0.0037728883657968115
2024-11-21,11807.38844011579,0.0016640161789456265
2024-11-22,11843.009208081568,0.0030168202008800105
2024-11-25,11917.18331280402,0.0062631129824535225
2024-11-26,11834.548064155893,-0.006934125831507654
2024-11-27,11852.826609083195,0.0015445072197275422
2024-11-28,11858.708488260674,0.0004962427420454052
2024-11-29,11907.621386654617,0.004124639579627276
2024-12-02,11938.568769229145,0.002598955876209841
2024-12-03,11930.865398074073,-0.0006452508088680142
2024-12-04,11928.971296527625,-0.00015875642572860116
2024-12-05,11968.956062115969,0.0033519039147980045
2024-12-06,11938.148535271335,-0.002573952706046434
2024-12-09,11952.193275493997,0.0011764588270255505
2024-12-10,11966.82439813164,0.0012241370517025452
2024-12-11,12004.347157601167,0.003135565311327415
2024-12-12,12060.327856263591,0.004663368855254868
2024-12-13,11964.744876731515,-0.007925404737851749
2024-12-16,11898.522958923622,-0.005534753853103647
2024-12-17,11914.801550853997,0.0013681187141103557
2024-12-18,11897.691154011496,-0.001436062259994153
2024-12-19,11711.22985936938,-0.0156720570595118
2024-12-20,11714.012901367081,0.00023763874769100468
2024-12-23,11789.53653790497,0.00644728985479226
2024-12-24,11780.90544818545,-0.0007320974570774741
2024-12-25,11816.458317164146,0.0030178384110681744
2024-12-26,11817.313458647557,7.236867938420488e-05
2024-12-27,11846.004802612404,0.0024279074990476435
2024-12-30,11787.238996069313,-0.004960812317932883
2024-12-31,11753.288011994844,-0.002880316933065563
2025-01-01,11860.289363820153,0.009103950461871513
2025-01-02,11812.10821461495,-0.004062392385819957
2025-01-03,11808.336561674558,-0.0003193039609750148
2025-01-06,11809.043593274531,5.9875630769923305e-05
2025-01-07,11812.84692518136,0.0003220694272816349
2025-01-08,11793.767156921851,-0.0016151710405082342
2025-01-09,11825.679512814542,0.0027058661976349097
2025-01-10,11814.586459159644,-0.0009380478849335683
2025-01-13,11820.163891076796,0.0004720801643318673
2025-01-14,11771.96638048439,-0.004077567031772866
2025-01-15,11790.227792901052,0.0015512627055185302
2025-01-16,11904.428896921974,0.00968608122140635
2025-01-17,11940.680549303828,0.003045223983086487
2025-01-20,11956.006086330191,0.0012834726599613155
2025-01-21,11969.283142671864,0.001110492604788238
2025-01-22,12014.340194957253,0.0037643902102002524
2025-01-23,12033.6053591663,0.0016035141253227803
2025-01-24,12031.97883472003,-0.00013516518098466435
2025-01-27,12054.913052513626,0.0019061052307884907
2025-01-28,11992.01719644865,-0.005217445848923807
2025-01-29,12052.919997713756,0.00507861190218617
2025-01-30,12038.301658182236,-0.0012128463089685626
2025-01-31,12166.50033912741,0.010649233138134484
2025-02-03,12122.823251922695,-0.0035899466557568482
2025-02-04,12132.668120970488,0.0008120937543349971
2025-02-05,12188.614800546204,0.004611242887210931
2025-02-06,12231.962494732135,0.003556408574335146
2025-02-07,12233.115657446155,9.427454625665632e-05
2025-02-10,12204.182581608144,-0.002365143651723689
2025-02-11,12287.40526115026,0.006819193254903766
2025-02-12,12268.256371161393,-0.0015584160839400285
2025-02-13,12242.288644345981,-0.002116659941705623
2025-02-14,12328.999944785279,0.007082932199882874
2025-02-17,12258.956647796083,-0.005681182358900139
2025-02-18,12274.335506494013,0.0012544998028600762
2025-02-19,12328.766533429338,0.004434539605547405
2025-02-20,12334.176723167184,0.0004388265219539278
2025-02-21,12336.566810144584,0.00019377758492078456
2025-02-24,12303.76662348794,-0.002658777531985068
2025-02-25,12323.735601982522,0.0016229971768533247
2025-02-26,12283.471726852238,-0.003267181026165966
2025-02-27,12297.995973516767,0.0011824219559017912
2025-02-28,12195.281029782736,-0.008352169244096541
2025-03-03,12227.351608603454,0.0026297531596357615
2025-03-04,12240.371623844614,0.0010648270907658297
2025-03-05,12231.14534848395,-0.0007537577815605045
2025-03-06,12244.060521412399,0.0010559250634734063
2025-03-07,12185.88100126307,-0.004751652447942845
2025-03-10,12191.60148744128,0.000469435585134681
2025-03-11,12113.449199364168,-0.006410338146109584
2025-03-12,12122.30551169606,0.0007311140028025687
2025-03-13,12150.472071953669,0.0023235316277445683
2025-03-14,12204.04405212029,0.004409045167082848
2025-03-17,12237.073242563998,0.0027064135709973236
2025-03-18,12277.226463682657,0.003281276521169607
2025-03-19,12296.017773761969,0.001530582671493308
2025-03-20,12352.740238625587,0.0046130760305711505
2025-03-21,12344.88479430659,-0.0006359272653070347
2025-03-24,12313.066773542421,-0.0025774254919611606
2025-03-25,12326.21850035937,0.0010681113859634106
2025-03-26,12344.94040582784,0.0015188685376561484
2025-03-27,12308.59127668387,-0.0029444556189845983
2025-03-28,12353.384123612517,0.0036391530047388265
2025-03-31,12390.474509899821,0.003002447419764742
2025-04-01,12463.913317828275,0.0059270375698508015
2025-04-02,12473.179183939019,0.0007434154807133275
2025-04-03,12538.738462433874,0.005256019939108292
2025-04-04,12380.469971338402,-0.012622361617131261
2025-04-07,12134.973311397853,-0.01982934900766209
2025-04-08,12018.423075665645,-0.009604490487237993
2025-04-09,11960.782743575846,-0.00479599792143337
2025-04-10,12318.125934980777,0.029876237957491503
2025-04-11,12323.315102164288,0.00042126271568432294
2025-04-14,12433.602544994439,0.00894949467053574
2025-04-15,12441.10163202669,0.0006031306699014749
2025-04-16,12468.407784199888,0.0021948339448416565
2025-04-17,12556.90965955302,0.007098089578469136
2025-04-21,12531.754598965646,-0.002003284348568779
2025-04-22,12562.922754563115,0.00248713421183977
2025-04-23,12583.65785085283,0.0016504993857566763
2025-04-24,12527.595006397363,-0.004455210489664241
2025-04-25,12668.216260289659,0.011224920171867492
2025-04-28,12662.220652655975,-0.00047327954547771167
2025-04-29,12706.431611728576,0.0034915644171251703
2025-04-30,12702.66399657637,-0.00029651244876094385
2025-05-01,12676.36114835875,-0.002070656062752585
2025-05-02,12611.694980547421,-0.005101319460253828
2025-05-05,12630.263830050175,0.0014723516173991147
2025-05-06,12723.089037542035,0.007349427434049982
2025-05-07,12827.64361311268,0.008217703677317223
2025-05-08,12697.216114256345,-0.010167689623292064
2025-05-09,12585.82153995248,-0.008773149429093574
2025-05-12,12630.85922299644,0.003578446023645876
2025-05-13,12546.86229051873,-0.006650136067131607
2025-05-14,12576.368501229941,0.002351680446314397
2025-05-15,12477.32147484202,-0.007875646008482895
2025-05-16,12587.451785701107,0.008826438517364643
2025-05-19,12519.242442404526,-0.00541883650939301
2025-05-20,12552.544047929512,0.0026600335985338397
2025-05-21,12651.589669682407,0.007890481911452252
2025-05-22,12635.778834261293,-0.0012497113670231208
2025-05-23,12618.548761863172,-0.0013635940153844395
2025-05-26,12683.765051660666,0.005168287655597625
2025-05-27,12717.268536439211,0.002641446340426956
2025-05-28,12716.739217543049,-4.162205859270518e-05
2025-05-29,12676.426502131177,-0.0031700512782600887
2025-05-30,12737.534432286404,0.0048205959419993505
2025-06-02,12710.729442800492,-0.002104409580080735
2025-06-03,12819.894608016712,0.008588426471310973
2025-06-04,12796.644066913574,-0.0018136296603092905
2025-06-05,12848.287043221893,0.0040356656040660965
2025-06-06,12801.269454204206,-0.003659444162441128
2025-06-09,12751.823099772511,-0.0038626133610097924
2025-06-10,12777.912924912667,0.002045968245953933
2025-06-11,12794.99173973195,0.001336588762158808
2025-06-12,12836.71034755471,0.0032605419895046506
2025-06-13,12898.571806287604,0.004819105289282977
2025-06-16,12909.625270909213,0.0008569525981334536
2025-06-17,12868.447088561486,-0.0031897271596658117
2025-06-18,12864.32229684203,-0.0003205353133186595
2025-06-19,12843.58719866886,-0.0016118298107519191
2025-06-20,12842.358805524487,-9.564252769667103e-05
2025-06-23,12836.37574260415,-0.00046588504580347134
2025-06-24,12872.540383330948,0.002817356039739982
2025-06-25,12859.091299132337,-0.0010447886585018828
2025-06-26,12872.461700679489,0.0010397625490110585
2025-06-27,12898.648660363731,0.0020343396852258167
2025-06-30,12836.828626126768,-0.004792752780911846
2025-07-01,12901.273320646545,0.005020297177498634
2025-07-02,12935.257255385695,0.0026341535362066626
2025-07-03,12962.022814829847,0.002069194212044545
2025-07-04,12933.357228481973,-0.0022115056235726405
2025-07-07,12937.930575389079,0.00035360864362687927
2025-07-08,12913.222343115027,-0.0019097514961977646
2025-07-09,12865.59273293654,-0.0036884372399799137
2025-07-10,12914.164559743624,0.003775327558965591
2025-07-11,12931.395199564831,0.0013342434767262823
2025-07-14,12953.342564749617,0.0016972155630603503
2025-07-15,12934.22975855676,-0.001475511521240036
2025-07-16,12883.876393289904,-0.003893031607355213
2025-07-17,12928.913777527754,0.003495639267488304
2025-07-18,12929.759746791426,6.543235404210535e-05
2025-07-21,12951.503848905775,0.001681709679079324
2025-07-22,13033.229781038344,0.006310150009295912
2025-07-23,13084.111259014822,0.0039039807347296396
2025-07-24,13040.139101098552,-0.0033607294409067068
2025-07-25,13005.622923618657,-0.002646917890391731
2025-07-28,12985.492080160295,-0.0015478569213169813
2025-07-29,12948.31562628501,-0.002862922224725284
2025-07-30,12976.595426518772,0.0021840524319900467
2025-07-31,12966.708124208953,-0.0007619334644287656
2025-08-01,12976.302347145,0.0007399119995716852
2025-08-04,13060.597124723809,0.00649605529554842
2025-08-05,13119.470742251671,0.004507727860038946
2025-08-06,13113.935883115511,-0.0004218812820195872
2025-08-07,13125.992274944696,0.0009193572346732903
2025-08-08,13181.88367732527,0.0042580706440960014
2025-08-11,13166.27333706607,-0.001184226825340029
2025-08-12,13084.470121861998,-0.006213088024975
2025-08-13,13118.452904557873,0.0025971844774284047
2025-08-14,13150.886082637546,0.0024723325468054558
2025-08-15,13110.086304985567,-0.0031024356378422935
2025-08-18,13093.653856477014,-0.0012534203151891576
2025-08-19,13084.973616390098,-0.000662934898238654
2025-08-20,13055.706395070034,-0.002236704649018484
2025-08-21,13093.581551864567,0.002901042321910241
2025-08-22,13062.420840996865,-0.0023798462433117784
2025-08-25,13162.859668958854,0.007689143473831317
2025-08-26,13136.512795627645,-0.002001607097076419
2025-08-27,13193.846506388718,0.004364454376366567
2025-08-28,13213.657594831568,0.0015015400121001221
2025-08-29,13260.275921319893,0.003528041055533393
2025-09-01,13285.591220318673,0.0019091080117026316
2025-09-02,13298.762629989906,0.0009914056102440227
2025-09-03,13354.49804253379,0.004191022435290126
2025-09-04,13406.074237302937,0.003862084116144082
2025-09-05,13420.181910899903,0.0010523344379005373
2025-09-08,13477.988196203754,0.0043074144365287115
2025-09-09,13543.6830434167,0.004874232434143977
2025-09-10,13525.316798428252,-0.0013560746312190064
2025-09-11,13560.875710113613,0.002629063127711273
2025-09-12,13582.645586698474,0.0016053444519534832
2025-09-15,13583.738526765075,8.046591951660353e-05
2025-09-16,13645.859603306888,0.004573194369091427
2025-09-17,13656.44264147725,0.0007755493957886106
2025-09-18,13607.887370281347,-0.003555484577545176
2025-09-19,13588.414853900762,-0.0014309727770903669
2025-09-22,13650.86423635067,0.004595781268186716
2025-09-23,13727.334181097092,0.005601839079374393
2025-09-24,13740.726317063161,0.0009755816962997432
2025-09-25,13692.295144596825,-0.0035246442836281977
2025-09-26,13684.645987703068,-0.000558646801940621
2025-09-29,13712.94493780227,0.0020679343933800443
2025-09-30,13814.487335000913,0.00740485706456262
2025-10-01,13853.87356013548,0.002851081200442085
2025-10-02,13878.509571712031,0.0017782760517925933
2025-10-03,13871.216121419156,-0.0005255211487363853
2025-10-06,13900.300611640565,0.0020967512845897485
2025-10-07,13980.997443064627,0.005805401888681727
2025-10-08,14005.127796688823,0.001725939348924399
2025-10-09,14080.775063031497,0.005401397790926188
2025-10-10,13995.141838677457,-0.006081570366028077
2025-10-13,13991.210794200586,-0.0002808863620092916
2025-10-14,14141.149485400725,0.010716634421825022
2025-10-15,14176.651296957085,0.0025105322302838573
2025-10-16,14286.794130396169,0.007769312451292754
2025-10-17,14412.535356352437,0.008801220540355148
2025-10-20,14309.153475710375,-0.007173053046249489
2025-10-21,14541.319910914239,0.016225029356066623
2025-10-22,14169.54072760548,-0.025567086453390897
2025-10-23,14129.666108981348,-0.002814108049842945
2025-10-24,14165.85127563614,0.0025609357203275618
2025-10-27,14164.943273736711,-6.409794101047694e-05
2025-10-28,13999.89683823475,-0.01165175407429797
2025-10-29,13990.89598716749,-0.0006429226708783986
2025-10-30,13927.744564077564,-0.004513751167033897
2025-10-31,13998.920476115863,0.005110368854830627
2025-11-03,13980.503530027172,-0.0013155975934082687
2025-11-04,13981.571632608315,7.639943574622166e-05
2025-11-05,13872.685653596567,-0.007787821131481354
2025-11-06,13919.905235254873,0.0034037808422526794
2025-11-07,13899.093706749223,-0.0014950912491085155
2025-11-10,13929.91755581282,0.0022176876934523193
2025-11-11,14095.11379985854,0.01185909703943544
2025-11-12,14123.138234752783,0.0019882375759552318
2025-11-13,14200.07703524211,0.0054477127682572846
2025-11-14,14109.255401042627,-0.006395855034735387
2025-11-17,14006.118276772693,-0.007309891368350474
2025-11-18,13941.450104737229,-0.004617137365083401
2025-11-19,13944.770488917053,0.00023816634244488988
2025-11-20,13966.295320571004,0.0015435773339589343
2025-11-21,13928.818773012152,-0.002683356373228918
2025-11-24,13950.518450994616,0.0015578979334922582
2025-11-25,14076.756058960476,0.009048954589702785
2025-11-26,14105.550395959663,0.0020455236191194714
2025-11-27,14203.60474481745,0.0069514727256494435
