date,SPX.GI,GC00Y.CMX
2015-11-09,2078.58,1090.7
2015-11-10,2081.72,1087.9
2015-11-11,2075,1084.2
2015-11-12,2045.97,1083.5
2015-11-13,2023.04,1081.3
2015-11-16,2053.19,1081.3
2015-11-17,2050.44,1068.6
2015-11-18,2083.58,1070.1
2015-11-19,2081.24,1081.4
2015-11-20,2089.17,1076.8
2015-11-23,2086.59,1068.1
2015-11-24,2089.14,1075.2
2015-11-25,2088.87,1070.4
2015-11-27,2090.11,1055.9
2015-11-30,2080.41,1064.1
2015-12-01,2102.63,1069.2
2015-12-02,2079.51,1052.1
2015-12-03,2049.62,1062.2
2015-12-04,2091.69,1086.6
2015-12-07,2077.07,1071
2015-12-08,2063.59,1074.5
2015-12-09,2047.62,1073.5
2015-12-10,2052.23,1072.6
2015-12-11,2012.37,1077.8
2015-12-14,2021.94,1064.7
2015-12-15,2043.41,1061.8
2015-12-16,2073.07,1073
2015-12-17,2041.89,1051.9
2015-12-18,2005.52,1065.4
2015-12-21,2021.15,1078.5
2015-12-22,2037.89,1071.9
2015-12-23,2064.29,1068.8
2015-12-24,2060.99,1075.8
2015-12-28,2056.5,1067.7
2015-12-29,2078.36,1067.7
2015-12-30,2063.36,1060.5
2015-12-31,2043.94,1059.8
2016-01-04,2012.66,1073.5
2016-01-05,2016.71,1077.6
2016-01-06,1990.26,1092.8
2016-01-07,1943.09,1109
2016-01-08,1922.03,1103.2
2016-01-11,1923.67,1094.8
2016-01-12,1938.68,1089.9
2016-01-13,1890.28,1093.4
2016-01-14,1921.84,1077.1
2016-01-15,1880.29,1088.7
2016-01-19,1881.33,1086.6
2016-01-20,1859.33,1101.2
2016-01-21,1868.99,1101.8
2016-01-22,1906.9,1098.4
2016-01-25,1877.08,1108.9
2016-01-26,1903.63,1122.2
2016-01-27,1882.95,1125.3
2016-01-28,1893.36,1114.3
2016-01-29,1940.24,1117.6
2016-02-01,1939.38,1129.3
2016-02-02,1903.03,1130
2016-02-03,1912.53,1142.8
2016-02-04,1915.45,1156.7
2016-02-05,1880.02,1173.6
2016-02-08,1853.44,1189.7
2016-02-09,1852.21,1189.3
2016-02-10,1851.86,1197
2016-02-11,1829.08,1247
2016-02-12,1864.78,1239.1
2016-02-16,1895.58,1200.5
2016-02-17,1926.82,1207.8
2016-02-18,1917.83,1235.4
2016-02-19,1917.78,1228.3
2016-02-22,1945.5,1208.3
2016-02-23,1921.27,1225.9
2016-02-24,1929.8,1230.4
2016-02-25,1951.7,1235
2016-02-26,1948.05,1224.2
2016-02-29,1932.23,1239.3
2016-03-01,1978.35,1232
2016-03-02,1986.45,1241.3
2016-03-03,1993.4,1263.7
2016-03-04,1999.99,1261.9
2016-03-07,2001.76,1267.7
2016-03-08,1979.26,1262.4
2016-03-09,1989.26,1251.8
2016-03-10,1989.57,1272
2016-03-11,2022.19,1251
2016-03-14,2019.64,1236
2016-03-15,2015.93,1232.8
2016-03-16,2027.22,1263.1
2016-03-17,2040.59,1258.6
2016-03-18,2049.56,1256
2016-03-21,2051.6,1244.1
2016-03-22,2049.8,1248.8
2016-03-23,2036.71,1220.1
2016-03-24,2035.94,1216.7
2016-03-28,2037.05,1221.8
2016-03-29,2055.01,1242.5
2016-03-30,2063.95,1225
2016-03-31,2059.74,1233.4
2016-04-01,2072.78,1222.5
2016-04-04,2066.13,1215.9
2016-04-05,2045.17,1230.6
2016-04-06,2066.66,1223.6
2016-04-07,2041.91,1241
2016-04-08,2047.6,1239.5
2016-04-11,2041.99,1256.4
2016-04-12,2061.72,1255.9
2016-04-13,2082.42,1243.9
2016-04-14,2082.78,1227.4
2016-04-15,2080.73,1234.2
2016-04-18,2094.34,1232.2
2016-04-19,2100.8,1251.8
2016-04-20,2102.4,1245.8
2016-04-21,2091.48,1249.5
2016-04-22,2091.58,1233.7
2016-04-25,2087.79,1239.4
2016-04-26,2091.7,1244.8
2016-04-27,2095.15,1247.3
2016-04-28,2075.81,1268.1
2016-04-29,2065.3,1294.9
2016-05-02,2081.43,1293.4
2016-05-03,2063.37,1288.2
2016-05-04,2051.12,1281.5
2016-05-05,2050.63,1279.6
2016-05-06,2057.14,1289.7
2016-05-09,2058.69,1265.4
2016-05-10,2084.39,1267.3
2016-05-11,2064.46,1278.7
2016-05-12,2064.11,1264.7
2016-05-13,2046.61,1274.3
2016-05-16,2066.66,1275.5
2016-05-17,2047.21,1280.3
2016-05-18,2047.63,1259.5
2016-05-19,2040.04,1255.7
2016-05-20,2052.32,1252.9
2016-05-23,2048.04,1249.2
2016-05-24,2076.06,1227.2
2016-05-25,2090.54,1224.3
2016-05-26,2090.1,1219.8
2016-05-27,2099.06,1212.4
2016-05-31,2096.95,1215.4
2016-06-01,2099.33,1211.5
2016-06-02,2105.26,1210.2
2016-06-03,2099.13,1244.5
2016-06-06,2109.41,1244.9
2016-06-07,2112.13,1244.7
2016-06-08,2119.12,1261.3
2016-06-09,2115.48,1270.5
2016-06-10,2096.07,1275.9
2016-06-13,2079.06,1284.9
2016-06-14,2075.32,1286.3
2016-06-15,2071.5,1290.9
2016-06-16,2077.99,1281.2
2016-06-17,2071.22,1300.1
2016-06-20,2083.25,1293
2016-06-21,2088.9,1270.7
2016-06-22,2085.45,1268.9
2016-06-23,2113.32,1259.3
2016-06-24,2037.3,1319.1
2016-06-27,2000.54,1327.6
2016-06-28,2036.09,1314.5
2016-06-29,2070.77,1321.8
2016-06-30,2098.86,1324.7
2016-07-01,2102.95,1344.9
2016-07-05,2088.55,1358.7
2016-07-06,2099.73,1365.7
2016-07-07,2097.9,1361.8
2016-07-08,2129.9,1367.4
2016-07-11,2137.16,1356.1
2016-07-12,2152.14,1333.7
2016-07-13,2152.43,1343.3
2016-07-14,2163.75,1335.6
2016-07-15,2161.74,1337.7
2016-07-18,2166.89,1329.1
2016-07-19,2163.78,1332.3
2016-07-20,2173.02,1315.8
2016-07-21,2165.17,1331.2
2016-07-22,2175.03,1322.1
2016-07-25,2168.48,1315.3
2016-07-26,2169.18,1320.2
2016-07-27,2166.58,1339.9
2016-07-28,2170.06,1332.6
2016-07-29,2173.6,1349.7
2016-08-01,2170.84,1351.5
2016-08-02,2157.03,1362.6
2016-08-03,2163.79,1355.4
2016-08-04,2164.25,1358.3
2016-08-05,2182.87,1334.5
2016-08-08,2180.89,1333.6
2016-08-09,2181.74,1338.7
2016-08-10,2175.49,1344.9
2016-08-11,2185.79,1335.4
2016-08-12,2184.05,1333.2
2016-08-15,2190.15,1338.6
2016-08-16,2178.15,1345.3
2016-08-17,2182.22,1347.3
2016-08-18,2187.02,1351.2
2016-08-19,2183.87,1341.5
2016-08-22,2182.64,1339.2
2016-08-23,2186.9,1337.6
2016-08-24,2175.44,1324
2016-08-25,2172.47,1321.9
2016-08-26,2169.04,1320.7
2016-08-29,2180.38,1323.1
2016-08-30,2176.12,1310.5
2016-08-31,2170.95,1308.4
2016-09-01,2170.86,1313
2016-09-02,2179.98,1324.9
2016-09-06,2186.48,1350.6
2016-09-07,2186.15,1345.4
2016-09-08,2181.3,1338.1
2016-09-09,2127.81,1327.3
2016-09-12,2159.04,1327.4
2016-09-13,2127.02,1317.7
2016-09-14,2125.77,1321.9
2016-09-15,2147.26,1313.9
2016-09-16,2139.16,1309.1
2016-09-19,2139.12,1312.3
2016-09-20,2139.76,1314
2016-09-21,2163.12,1334.9
2016-09-22,2177.18,1337.1
2016-09-23,2164.69,1337.4
2016-09-26,2146.1,1337.7
2016-09-27,2159.93,1326.7
2016-09-28,2171.37,1320.5
2016-09-29,2151.13,1319.5
2016-09-30,2168.27,1316
2016-10-03,2161.2,1310.3
2016-10-04,2150.49,1267
2016-10-05,2159.73,1267.5
2016-10-06,2160.77,1253.9
2016-10-07,2153.74,1253.1
2016-10-10,2163.66,1257
2016-10-11,2136.73,1253.8
2016-10-12,2139.17,1253.5
2016-10-13,2132.55,1257.4
2016-10-14,2132.98,1251.6
2016-10-17,2126.5,1255
2016-10-18,2139.6,1261.7
2016-10-19,2144.29,1270
2016-10-20,2141.34,1266.2
2016-10-21,2141.16,1266.7
2016-10-24,2151.33,1265
2016-10-25,2143.16,1274.3
2016-10-26,2139.43,1267.5
2016-10-27,2133.04,1269.2
2016-10-28,2126.41,1276
2016-10-31,2126.15,1277.8
2016-11-01,2111.72,1289.1
2016-11-02,2097.94,1297.8
2016-11-03,2088.66,1303.6
2016-11-04,2085.18,1305.2
2016-11-07,2131.52,1281.5
2016-11-08,2139.56,1275.4
2016-11-09,2163.26,1278.2
2016-11-10,2167.48,1258.6
2016-11-11,2164.45,1224
2016-11-14,2164.2,1221
2016-11-15,2180.39,1228.4
2016-11-16,2176.94,1225
2016-11-17,2187.12,1216
2016-11-18,2181.9,1207.3
2016-11-21,2198.18,1214
2016-11-22,2202.94,1212
2016-11-23,2204.72,1187.8
2016-11-25,2213.35,1183.4
2016-11-28,2201.72,1193.2
2016-11-29,2204.66,1187.1
2016-11-30,2198.81,1172
2016-12-01,2191.08,1171.4
2016-12-02,2191.95,1175.7
2016-12-05,2204.71,1169.5
2016-12-06,2212.23,1167.7
2016-12-07,2241.35,1172.6
2016-12-08,2246.19,1170.6
2016-12-09,2259.53,1158.4
2016-12-12,2256.96,1162.2
2016-12-13,2271.72,1158.3
2016-12-14,2253.28,1142
2016-12-15,2262.03,1130.9
2016-12-16,2258.07,1133.2
2016-12-19,2262.52,1137.9
2016-12-20,2270.76,1133.9
2016-12-21,2265.18,1133.2
2016-12-22,2260.96,1129.9
2016-12-23,2263.79,1135.2
2016-12-27,2268.88,1139.7
2016-12-28,2249.92,1142.5
2016-12-29,2249.26,1159
2016-12-30,2238.83,1152
2017-01-03,2257.83,1159.4
2017-01-04,2270.75,1164.2
2017-01-05,2269,1180.9
2017-01-06,2276.98,1172.9
2017-01-09,2268.9,1181.1
2017-01-10,2268.9,1187.6
2017-01-11,2275.32,1191.5
2017-01-12,2270.42,1195.1
2017-01-13,2274.64,1197.4
2017-01-17,2267.88,1216.7
2017-01-18,2271.89,1203.7
2017-01-19,2263.69,1204.3
2017-01-20,2271.32,1210.2
2017-01-23,2265.2,1217.8
2017-01-24,2280.08,1208.7
2017-01-25,2298.37,1199.9
2017-01-26,2296.68,1188.1
2017-01-27,2294.69,1190.8
2017-01-30,2280.89,1194.3
2017-01-31,2278.87,1209.3
2017-02-01,2279.55,1208.7
2017-02-02,2280.85,1214.7
2017-02-03,2297.42,1219.7
2017-02-06,2292.56,1235.2
2017-02-07,2293.08,1233.2
2017-02-08,2294.67,1240.8
2017-02-09,2307.87,1230.7
2017-02-10,2316.1,1233.3
2017-02-13,2328.25,1225.9
2017-02-14,2337.58,1229
2017-02-15,2349.25,1230.5
2017-02-16,2347.22,1240.1
2017-02-17,2351.16,1236
2017-02-21,2365.38,1236.8
2017-02-22,2362.82,1238.2
2017-02-23,2363.81,1250.7
2017-02-24,2367.34,1258
2017-02-27,2369.75,1253.4
2017-02-28,2363.64,1248.8
2017-03-01,2395.96,1250
2017-03-02,2381.92,1234.4
2017-03-03,2383.12,1235
2017-03-06,2375.31,1225.5
2017-03-07,2368.39,1215.9
2017-03-08,2362.98,1208.1
2017-03-09,2364.87,1200.8
2017-03-10,2372.6,1204.5
2017-03-13,2373.47,1203.6
2017-03-14,2365.45,1198.5
2017-03-15,2385.26,1219.6
2017-03-16,2381.38,1226.3
2017-03-17,2378.25,1228.9
2017-03-20,2373.47,1234
2017-03-21,2344.02,1244.6
2017-03-22,2348.45,1248.6
2017-03-23,2345.96,1245
2017-03-24,2343.98,1243.3
2017-03-27,2341.59,1254.1
2017-03-28,2358.57,
2017-03-29,2361.13,1253.2
2017-03-30,2368.06,
2017-03-31,2362.72,1247.4
2017-04-03,2358.84,1250.8
2017-04-04,2360.16,
2017-04-05,2352.95,1255.1
2017-04-06,2357.49,1256.1
2017-04-07,2355.54,1253.9
2017-04-10,2357.16,
2017-04-11,2353.78,1272.9
2017-04-12,2344.93,1285.1
2017-04-13,2328.95,1286.3
2017-04-17,2349.01,1284.3
2017-04-18,2342.19,1290.6
2017-04-19,2338.17,1282
2017-04-20,2355.84,1283.6
2017-04-21,2348.69,1286
2017-04-24,2374.15,1277.9
2017-04-25,2388.61,1265.5
2017-04-26,2387.45,1270.8
2017-04-27,2388.77,1265.3
2017-04-28,2384.2,1269.5
2017-05-01,2388.33,1257.4
2017-05-02,2391.17,1257.8
2017-05-03,2388.13,1238.5
2017-05-04,2389.52,1228.4
2017-05-05,2399.29,1228.4
2017-05-08,2399.38,1226.2
2017-05-09,2396.92,1221.3
2017-05-10,2399.63,1220.7
2017-05-11,2394.44,1225
2017-05-12,2390.9,1227.8
2017-05-15,2402.32,1230.5
2017-05-16,2400.67,1236.8
2017-05-17,2357.03,1261.2
2017-05-18,2365.72,1246.8
2017-05-19,2381.73,1255.7
2017-05-22,2394.02,1260.5
2017-05-23,2398.42,1250.8
2017-05-24,2404.39,1258.6
2017-05-25,2415.07,1255.3
2017-05-26,2415.82,1266.7
2017-05-30,2412.91,1261.7
2017-05-31,2411.8,1267.9
2017-06-01,2430.06,1264.7
2017-06-02,2439.07,1278.5
2017-06-05,2436.1,1278.4
2017-06-06,2429.33,1293.8
2017-06-07,2433.14,1286.1
2017-06-08,2433.79,1277.3
2017-06-09,2431.77,1266
2017-06-12,2429.39,1264.5
2017-06-13,2440.35,1266.9
2017-06-14,2437.92,1256.8
2017-06-15,2432.46,1253
2017-06-16,2433.15,1253
2017-06-19,2453.46,1241.9
2017-06-20,2437.03,1241.5
2017-06-21,2435.61,1247.5
2017-06-22,2434.5,1251.2
2017-06-23,2438.3,1257.8
2017-06-26,2439.07,1245.3
2017-06-27,2419.38,1247.5
2017-06-28,2440.69,1249.4
2017-06-29,2419.7,1245.6
2017-06-30,2423.41,1241.4
2017-07-03,2429.01,1219.5
2017-07-05,2432.54,1226.5
2017-07-06,2409.75,1224.7
2017-07-07,2425.18,1211.9
2017-07-10,2427.43,1213.7
2017-07-11,2425.53,1217
2017-07-12,2443.25,1219.7
2017-07-13,2447.83,1216.7
2017-07-14,2459.27,1228
2017-07-17,2459.14,1233.2
2017-07-18,2460.61,1241.9
2017-07-19,2473.83,1240.9
2017-07-20,2473.45,1243.9
2017-07-21,2472.54,1255
2017-07-24,2469.91,1255.3
2017-07-25,2477.08,1249.7
2017-07-26,2477.83,1260.3
2017-07-27,2475.42,1258.7
2017-07-28,2472.1,1269
2017-07-31,2470.3,1268.6
2017-08-01,2476.35,1268.7
2017-08-02,2477.57,1265.8
2017-08-03,2472.16,1267.8
2017-08-04,2476.83,1258.5
2017-08-07,2480.91,1256.6
2017-08-08,2474.92,1260.5
2017-08-09,2474.02,1277.4
2017-08-10,2438.21,1285.5
2017-08-11,2441.32,1290.2
2017-08-14,2465.66,1281
2017-08-15,2464.61,1270.8
2017-08-16,2468.11,1281.5
2017-08-17,2430.01,1287.2
2017-08-18,2425.55,1286.8
2017-08-21,2428.37,1290.2
2017-08-22,2452.51,1286.8
2017-08-23,2444.04,1292.8
2017-08-24,2438.97,1287.8
2017-08-25,2443.05,1292.9
2017-08-28,2444.24,1311.7
2017-08-29,2446.3,1311.2
2017-08-30,2457.59,1310.1
2017-08-31,2471.65,1322.9
2017-09-01,2476.55,1326.2
2017-09-05,2457.85,1341.1
2017-09-06,2465.54,1335
2017-09-07,2465.1,1350.1
2017-09-08,2461.43,1347.4
2017-09-11,2488.11,1328
2017-09-12,2496.48,1332.2
2017-09-13,2498.37,1327.1
2017-09-14,2495.62,1333.6
2017-09-15,2500.23,1323.5
2017-09-18,2503.87,1311
2017-09-19,2506.65,1314.6
2017-09-20,2508.24,1304.5
2017-09-21,2500.6,1294.3
2017-09-22,2502.22,1300.5
2017-09-25,2496.66,1314.1
2017-09-26,2496.84,1297.2
2017-09-27,2507.04,1285.6
2017-09-28,2510.06,1289.9
2017-09-29,2519.36,1282.5
2017-10-02,2529.12,1273.5
2017-10-03,2534.58,1274.1
2017-10-04,2537.74,1277.5
2017-10-05,2552.07,1270.6
2017-10-06,2549.33,1278.9
2017-10-09,2544.73,1286.4
2017-10-10,2550.64,1290.3
2017-10-11,2555.24,1293.9
2017-10-12,2550.93,1295.9
2017-10-13,2553.17,1306.1
2017-10-16,2557.64,1297.2
2017-10-17,2559.36,1287
2017-10-18,2561.26,1282.7
2017-10-19,2562.1,1291.9
2017-10-20,2575.21,1281.8
2017-10-23,2564.98,1283.6
2017-10-24,2569.13,1277.8
2017-10-25,2557.15,1278.6
2017-10-26,2560.4,1267.6
2017-10-27,2581.07,1274.6
2017-10-30,2572.83,1277.4
2017-10-31,2575.26,1271.8
2017-11-01,2579.36,1275.5
2017-11-02,2579.85,1276.8
2017-11-03,2587.84,1270.2
2017-11-06,2591.13,1281.9
2017-11-07,2590.64,1276.7
2017-11-08,2594.38,1281.8
2017-11-09,2584.62,1286.6
2017-11-10,2582.3,1276.2
2017-11-13,2584.84,1278
2017-11-14,2578.87,1280.3
2017-11-15,2564.62,1278.5
2017-11-16,2585.64,1278.3
2017-11-17,2578.85,1294.3
2017-11-20,2582.14,1277.3
2017-11-21,2599.03,1279.8
2017-11-22,2597.08,1291.5
2017-11-24,2602.42,1288
2017-11-27,2601.42,1293.4
2017-11-28,2627.04,1293
2017-11-29,2626.07,1283.6
2017-11-30,2647.58,1274.8
2017-12-01,2642.22,1279.4
2017-12-04,2639.44,1275.5
2017-12-05,2629.57,1265.8
2017-12-06,2629.27,1262.9
2017-12-07,2636.98,1245.8
2017-12-08,2651.5,1245.9
2017-12-11,2659.99,1244.3
2017-12-12,2664.11,1246.1
2017-12-13,2662.85,1257.9
2017-12-14,2652.01,1255.4
2017-12-15,2675.81,1258.6
2017-12-18,2690.16,1264
2017-12-19,2681.47,1265.4
2017-12-20,2679.25,1269
2017-12-21,2684.57,1271
2017-12-22,2683.34,1278.5
2017-12-26,2680.5,1287.7
2017-12-27,2682.62,1292
2017-12-28,2687.54,1297
2017-12-29,2673.61,1305.4
2018-01-02,2695.81,1319.9
2018-01-03,2713.06,1316.6
2018-01-04,2723.99,1323.9
2018-01-05,2743.15,1321.1
2018-01-08,2747.71,1321.2
2018-01-09,2751.29,1314.8
2018-01-10,2748.23,1318.3
2018-01-11,2767.56,1322.6
2018-01-12,2786.24,1339.2
2018-01-16,2776.42,1339
2018-01-17,2802.56,1328.9
2018-01-18,2798.03,1326.9
2018-01-19,2810.3,1331.8
2018-01-22,2832.97,1334.3
2018-01-23,2839.13,1340.8
2018-01-24,2837.54,1357.7
2018-01-25,2839.25,1347.6
2018-01-26,2872.87,1348.6
2018-01-29,2853.53,1344.9
2018-01-30,2822.43,1341.3
2018-01-31,2823.81,1349.1
2018-02-01,2821.98,1354.1
2018-02-02,2762.13,1334.1
2018-02-05,2648.94,1341.2
2018-02-06,2695.14,1326.3
2018-02-07,2681.66,1318
2018-02-08,2581,1320.5
2018-02-09,2619.55,1317.4
2018-02-12,2656,1324.2
2018-02-13,2662.94,1331.4
2018-02-14,2698.63,1354.5
2018-02-15,2731.2,1355.2
2018-02-16,2732.22,1350.9
2018-02-20,2716.26,1332.7
2018-02-21,2701.33,1326.7
2018-02-22,2703.96,1333.1
2018-02-23,2747.3,1330.8
2018-02-26,2779.6,1335.2
2018-02-27,2744.28,1319.6
2018-02-28,2713.83,1318.8
2018-03-01,2677.67,1318
2018-03-02,2691.25,1323
2018-03-05,2720.94,1321.3
2018-03-06,2728.12,1335.2
2018-03-07,2726.8,1326.3
2018-03-08,2738.97,1322.5
2018-03-09,2786.57,1323.6
2018-03-12,2783.02,1323.5
2018-03-13,2765.31,1326.8
2018-03-14,2749.48,1325
2018-03-15,2747.33,1316.2
2018-03-16,2752.01,1313.9
2018-03-19,2712.92,1316.7
2018-03-20,2716.94,1310.9
2018-03-21,2711.93,1332.5
2018-03-22,2643.69,1328.9
2018-03-23,2588.26,1347.3
2018-03-26,2658.55,1353.4
2018-03-27,2612.62,1344.6
2018-03-28,2605,1323.8
2018-03-29,2641.53,1329.6
2018-04-02,2581.88,1345.4
2018-04-03,2614.45,1336.5
2018-04-04,2644.69,1337
2018-04-05,2662.84,1329.9
2018-04-06,2604.47,1337.3
2018-04-09,2613.16,1339.6
2018-04-10,2656.87,1343.1
2018-04-11,2642.19,1356.8
2018-04-12,2663.99,1340
2018-04-13,2656.3,1348.6
2018-04-16,2677.84,1348.9
2018-04-17,2706.39,1350.5
2018-04-18,2708.64,1352.4
2018-04-19,2693.13,1348
2018-04-20,2670.14,1337.6
2018-04-23,2670.29,1326.6
2018-04-24,2634.56,1332.2
2018-04-25,2639.4,1324.4
2018-04-26,2666.94,1317.8
2018-04-27,2669.91,1324.1
2018-04-30,2648.05,1316.1
2018-05-01,2654.8,1304.6
2018-05-02,2635.67,1305.8
2018-05-03,2629.73,1312.8
2018-05-04,2663.42,1316
2018-05-07,2672.63,1314.6
2018-05-08,2671.92,1315
2018-05-09,2697.79,1312.8
2018-05-10,2723.07,1321.8
2018-05-11,2727.72,1318.4
2018-05-14,2730.13,1313.2
2018-05-15,2711.45,1290.1
2018-05-16,2722.46,1290.1
2018-05-17,2720.13,1290
2018-05-18,2712.97,1291.7
2018-05-21,2733.01,1292
2018-05-22,2724.44,1290.5
2018-05-23,2733.29,1293
2018-05-24,2727.76,1304
2018-05-25,2721.33,1301.2
2018-05-28,,1297.5
2018-05-29,2689.86,1303.2
2018-05-30,2724.01,1305.7
2018-05-31,2705.27,1302.7
2018-06-01,2734.62,1297.9
2018-06-04,2746.87,1295.9
2018-06-05,2748.8,1300.4
2018-06-06,2772.35,1300.6
2018-06-07,2770.37,1301.3
2018-06-08,2779.03,1303.5
2018-06-11,2782,1304.4
2018-06-12,2786.85,1299.6
2018-06-13,2775.63,1302.9
2018-06-14,2782.49,1305.9
2018-06-15,2779.66,1282
2018-06-18,2773.75,1280.6
2018-06-19,2762.59,1277
2018-06-20,2767.32,1270
2018-06-21,2749.76,1269
2018-06-22,2754.88,1271.1
2018-06-25,2717.07,1267.3
2018-06-26,2723.06,1260.8
2018-06-27,2699.63,1253.8
2018-06-28,2716.31,1249.5
2018-06-29,2718.37,1254.2
2018-07-02,2726.71,1242.8
2018-07-03,2713.22,1254
2018-07-05,2736.61,1258.8
2018-07-06,2759.82,1255.9
2018-07-09,2784.17,1258.3
2018-07-10,2793.84,1255.8
2018-07-11,2774.02,1241.8
2018-07-12,2798.29,1247.7
2018-07-13,2801.31,1241.8
2018-07-16,2798.43,1241
2018-07-17,2809.55,1227.4
2018-07-18,2815.62,1227.3
2018-07-19,2804.49,1222.5
2018-07-20,2801.83,1231.9
2018-07-23,2806.98,1224.5
2018-07-24,2820.4,1224.5
2018-07-25,2846.07,1231.8
2018-07-26,2837.44,1222.1
2018-07-27,2818.82,1222.2
2018-07-30,2802.6,1225.2
2018-07-31,2816.29,1227.4
2018-08-01,2813.36,1219.6
2018-08-02,2827.22,1211.1
2018-08-03,2840.35,1216.7
2018-08-06,2850.4,1210.3
2018-08-07,2858.45,1213.7
2018-08-08,2857.7,1216.7
2018-08-09,2853.58,1215
2018-08-10,2833.28,1214.1
2018-08-13,2821.93,1195.8
2018-08-14,2839.96,1196.2
2018-08-15,2818.37,1177
2018-08-16,2840.69,1176.3
2018-08-17,2850.13,1187.6
2018-08-20,2857.05,1192.8
2018-08-21,2862.96,1198.5
2018-08-22,2861.82,1197.6
2018-08-23,2856.98,1187.2
2018-08-24,2874.69,1207.5
2018-08-27,2896.74,1212.9
2018-08-28,2897.52,1202.2
2018-08-29,2914.04,1208
2018-08-30,2901.13,1200.6
2018-08-31,2901.52,1201.7
2018-09-03,,1201.9
2018-09-04,2896.72,1191.9
2018-09-05,2888.6,1197.2
2018-09-06,2878.05,1200.1
2018-09-07,2871.68,1196.2
2018-09-10,2877.13,1195.4
2018-09-11,2887.89,1198.4
2018-09-12,2888.92,1206
2018-09-13,2904.18,1201.5
2018-09-14,2904.98,1193.6
2018-09-17,2888.8,1201.5
2018-09-18,2904.31,1198.5
2018-09-19,2907.95,1204.3
2018-09-20,2930.75,1207.1
2018-09-21,2929.67,1199.5
2018-09-24,2919.37,1198.2
2018-09-25,2915.56,1200.1
2018-09-26,2905.97,1193.4
2018-09-27,2914,1181.2
2018-09-28,2913.98,1190.5
2018-10-01,2924.59,1192.6
2018-10-02,2923.43,1207.3
2018-10-03,2925.51,1201.1
2018-10-04,2901.61,1203.7
2018-10-05,2885.57,1206.7
2018-10-08,2884.43,1191.5
2018-10-09,2880.34,1193.1
2018-10-10,2785.68,1198.1
2018-10-11,2728.37,1227.7
2018-10-12,2767.13,1221.6
2018-10-15,2750.79,1230.5
2018-10-16,2809.92,1228.1
2018-10-17,2809.21,1225.5
2018-10-18,2768.78,1228.9
2018-10-19,2767.78,1230
2018-10-22,2755.88,1224.9
2018-10-23,2740.69,1233.2
2018-10-24,2656.1,1236.4
2018-10-25,2705.57,1234.6
2018-10-26,2658.69,1235.4
2018-10-29,2641.25,1231.2
2018-10-30,2682.63,1224.6
2018-10-31,2711.74,1216.1
2018-11-01,2740.37,1235.3
2018-11-02,2723.06,1234.6
2018-11-05,2738.31,1233
2018-11-06,2755.45,1228.5
2018-11-07,2813.89,1227.8
2018-11-08,2806.83,1224.7
2018-11-09,2781.01,1210.3
2018-11-12,2726.22,1200.8
2018-11-13,2722.18,1202.8
2018-11-14,2701.58,1211.4
2018-11-15,2730.2,1213.9
2018-11-16,2736.27,1222
2018-11-19,2690.73,1224.8
2018-11-20,2641.89,1222
2018-11-21,2649.93,1226.7
2018-11-22,,1227.9
2018-11-23,2632.56,1223.4
2018-11-26,2673.45,1222.3
2018-11-27,2682.2,1214.5
2018-11-28,2743.78,1220.7
2018-11-29,2737.76,1229.8
2018-11-30,2760.17,1227.8
2018-12-03,2790.37,1236
2018-12-04,2700.06,1243.9
2018-12-05,2700.06,1242.6
2018-12-06,2695.95,1243.1
2018-12-07,2633.08,1254
2018-12-10,2637.72,1249.8
2018-12-11,2636.78,1248.4
2018-12-12,2651.07,1250.5
2018-12-13,2650.54,1246.3
2018-12-14,2599.95,1242.3
2018-12-17,2545.94,1249.7
2018-12-18,2546.16,1253.3
2018-12-19,2506.96,1246.7
2018-12-20,2467.42,1263.4
2018-12-21,2416.58,1259.1
2018-12-24,2351.1,1272.5
2018-12-26,2467.7,1269.8
2018-12-27,2488.83,1278.1
2018-12-28,2485.74,1283.4
2018-12-31,2506.85,1284.7
2019-01-02,2510.03,1286.5
2019-01-03,2447.89,1296.2
2019-01-04,2531.94,1286.2
2019-01-07,2549.69,1290.3
2019-01-08,2574.41,1286.1
2019-01-09,2584.96,1294.7
2019-01-10,2596.64,1287.1
2019-01-11,2596.26,1287.9
2019-01-14,2582.61,1291.8
2019-01-15,2610.3,1289.4
2019-01-16,2616.1,1293.5
2019-01-17,2635.96,1291.6
2019-01-18,2670.71,1281.3
2019-01-21,,1279.6
2019-01-22,2632.9,1284.7
2019-01-23,2638.7,1281.9
2019-01-24,2642.33,1280
2019-01-25,2664.76,1302.5
2019-01-28,2643.85,1302.7
2019-01-29,2640,1316.7
2019-01-30,2681.05,1325
2019-01-31,2704.1,1325.7
2019-02-01,2706.53,1322
2019-02-04,2724.87,1316.5
2019-02-05,2737.7,1319.3
2019-02-06,2731.61,1310.5
2019-02-07,2706.05,1313.8
2019-02-08,2707.88,1318.2
2019-02-11,2709.8,1311.6
2019-02-12,2744.73,1314.2
2019-02-13,2753.03,1309.3
2019-02-14,2745.73,1315.7
2019-02-15,2775.6,1325
2019-02-18,,1329.7
2019-02-19,2779.76,1344.1
2019-02-20,2784.7,1341.2
2019-02-21,2774.88,1326
2019-02-22,2792.67,1330.7
2019-02-25,2796.11,1329.7
2019-02-26,2793.9,1331
2019-02-27,2792.38,1321.7
2019-02-28,2784.49,1314.7
2019-03-01,2803.69,1294.5
2019-03-04,2792.81,1287.7
2019-03-05,2789.65,1288.6
2019-03-06,2771.45,1287.1
2019-03-07,2748.93,1286.1
2019-03-08,2743.07,1298.6
2019-03-11,2783.3,1293.3
2019-03-12,2791.52,1301.8
2019-03-13,2810.92,1309.5
2019-03-14,2808.48,1295.8
2019-03-15,2822.48,1302.3
2019-03-18,2832.94,1303.5
2019-03-19,2832.57,1306.3
2019-03-20,2824.23,1312.5
2019-03-21,2854.88,1309
2019-03-22,2800.71,1313.4
2019-03-25,2798.36,1321.6
2019-03-26,2818.46,1315.2
2019-03-27,2805.37,1308.5
2019-03-28,2815.44,1289.6
2019-03-29,2834.4,1297
2019-04-01,2867.19,1292.3
2019-04-02,2867.24,1296.7
2019-04-03,2873.4,1294.3
2019-04-04,2879.39,1296.4
2019-04-05,2892.74,1295.9
2019-04-08,2895.77,1301.6
2019-04-09,2878.2,1308.2
2019-04-10,2888.21,1312
2019-04-11,2888.32,1295.8
2019-04-12,2907.41,1293.5
2019-04-15,2905.58,1290.8
2019-04-16,2907.06,1279.5
2019-04-17,2900.45,1276.2
2019-04-18,2905.03,1277.9
2019-04-22,2907.97,1276.8
2019-04-23,2933.68,1274.3
2019-04-24,2927.25,1277.9
2019-04-25,2926.17,1279
2019-04-26,2939.88,1288.4
2019-04-29,2943.03,1281.7
2019-04-30,2945.83,1285.4
2019-05-01,2923.73,1278.3
2019-05-02,2917.52,1271.7
2019-05-03,2945.64,1280.2
2019-05-06,2932.47,1282.3
2019-05-07,2884.05,1285.7
2019-05-08,2879.42,1281.7
2019-05-09,2870.72,1284.8
2019-05-10,2881.4,1286.8
2019-05-13,2811.87,1300.9
2019-05-14,2834.41,1297.5
2019-05-15,2850.96,1297.2
2019-05-16,2876.32,1287
2019-05-17,2859.53,1277.4
2019-05-20,2840.23,1277.5
2019-05-21,2864.36,1274.5
2019-05-22,2856.27,1272.9
2019-05-23,2822.24,1283
2019-05-24,2826.06,1284.3
2019-05-28,2802.39,1278.7
2019-05-29,2783.02,1284.5
2019-05-30,2788.86,1293.2
2019-05-31,2752.06,1310.2
2019-06-03,2744.45,1330.2
2019-06-04,2803.27,1330.2
2019-06-05,2826.15,1334.7
2019-06-06,2843.49,1339.5
2019-06-07,2873.34,1344.9
2019-06-10,2886.73,1331.8
2019-06-11,2885.72,1330.7
2019-06-12,2879.84,1337.2
2019-06-13,2891.64,1346
2019-06-14,2886.98,1345.3
2019-06-17,2889.67,1343.1
2019-06-18,2917.75,1350.1
2019-06-19,2926.46,1364.3
2019-06-20,2954.18,1392.3
2019-06-21,2950.46,1403
2019-06-24,2945.35,1423.3
2019-06-25,2917.38,1426.7
2019-06-26,2913.78,1412.4
2019-06-27,2924.92,1412.8
2019-06-28,2941.76,1412.5
2019-07-01,2964.33,1387
2019-07-02,2973.01,1421.5
2019-07-03,2995.82,1421.5
2019-07-05,2990.41,1401.2
2019-07-08,2975.95,1397.6
2019-07-09,2979.63,1399.6
2019-07-10,2993.07,1421
2019-07-11,2999.91,1405.4
2019-07-12,3013.77,1417.8
2019-07-15,3014.3,1415.7
2019-07-16,3004.04,1407.6
2019-07-17,2984.42,1428.2
2019-07-18,2995.11,1447.4
2019-07-19,2976.61,1426.5
2019-07-22,2985.03,1425.5
2019-07-23,3005.47,1418.1
2019-07-24,3019.56,1426.2
2019-07-25,3003.67,1414.4
2019-07-26,3025.86,1418.5
2019-07-29,3020.97,1433.4
2019-07-30,3013.18,1437.3
2019-07-31,2980.38,1420.1
2019-08-01,2953.56,1451.1
2019-08-02,2932.05,1446.8
2019-08-05,2844.74,1469.7
2019-08-06,2881.77,1480.5
2019-08-07,2883.98,1507.1
2019-08-08,2938.09,1506.4
2019-08-09,2918.65,1501.9
2019-08-12,2883.09,1516.1
2019-08-13,2926.32,1506.2
2019-08-14,2840.6,1521.3
2019-08-15,2847.6,1527.9
2019-08-16,2888.68,1517.8
2019-08-19,2923.65,1500
2019-08-20,2900.51,1511.4
2019-08-21,2924.43,1506.5
2019-08-22,2922.95,1501.8
2019-08-23,2847.11,1530.5
2019-08-26,2878.38,1530.5
2019-08-27,2869.16,1546
2019-08-28,2887.94,1542.4
2019-08-29,2924.58,1529.7
2019-08-30,2926.46,1523
2019-09-02,,1531.9
2019-09-03,2906.27,1550
2019-09-04,2937.78,1555.4
2019-09-05,2976,1520.6
2019-09-06,2978.71,1508.6
2019-09-09,2978.43,1500.3
2019-09-10,2979.39,1487
2019-09-11,3000.93,1498.3
2019-09-12,3009.57,1500.2
2019-09-13,3007.39,1489.8
2019-09-16,2997.96,1499.2
2019-09-17,3005.7,1502.4
2019-09-18,3006.73,1494.9
2019-09-19,3006.79,1499.3
2019-09-20,2992.07,1516.9
2019-09-23,2991.78,1521.9
2019-09-24,2966.6,1531.3
2019-09-25,2984.87,1504
2019-09-26,2977.62,1503.8
2019-09-27,2961.79,1495.9
2019-09-30,2976.74,1478.3
2019-10-01,2940.25,1485.2
2019-10-02,2887.61,1506.9
2019-10-03,2910.63,1511.1
2019-10-04,2952.01,1510.3
2019-10-07,2938.79,1498.8
2019-10-08,2893.06,1510.9
2019-10-09,2919.4,1510.8
2019-10-10,2938.13,1498.7
2019-10-11,2970.27,1493.5
2019-10-14,2966.15,1497.2
2019-10-15,2995.68,1484.7
2019-10-16,2989.69,1494
2019-10-17,2997.95,1495.4
2019-10-18,2986.2,1493.4
2019-10-21,3006.72,1487.7
2019-10-22,2995.99,1490.6
2019-10-23,3004.52,1495.1
2019-10-24,3010.29,1506.7
2019-10-25,3022.55,1507.1
2019-10-28,3039.42,1494.8
2019-10-29,3036.89,1489.9
2019-10-30,3046.77,1498
2019-10-31,3037.56,1515.4
2019-11-01,3066.91,1516.7
2019-11-04,3078.27,1512
2019-11-05,3074.62,1484.9
2019-11-06,3076.78,1492
2019-11-07,3085.18,1469.4
2019-11-08,3093.08,1459.8
2019-11-11,3087.01,1456.7
2019-11-12,3091.84,1457
2019-11-13,3094.04,1464.3
2019-11-14,3096.63,1472
2019-11-15,3120.46,1468.7
2019-11-18,3122.03,1471.9
2019-11-19,3120.18,1472.6
2019-11-20,3108.46,1472
2019-11-21,3103.54,1464.4
2019-11-22,3110.29,1461.5
2019-11-25,3133.64,1455.1
2019-11-26,3140.52,1461.2
2019-11-27,3153.63,1453.5
2019-11-29,3140.98,1470.4
2019-12-02,3113.87,1468.2
2019-12-03,3093.2,1483.5
2019-12-04,3112.76,1480
2019-12-05,3117.43,1481.1
2019-12-06,3145.91,1464.5
2019-12-09,3135.96,1465.9
2019-12-10,3132.52,1468.7
2019-12-11,3141.63,1479.3
2019-12-12,3168.57,1474.1
2019-12-13,3168.8,1480.3
2019-12-16,3191.45,1480.4
2019-12-17,3192.52,1480.5
2019-12-18,3191.14,1479.4
2019-12-19,3205.37,1482.7
2019-12-20,3221.22,1482.4
2019-12-23,3224.01,1489.8
2019-12-24,3223.38,1504.4
2019-12-26,3239.91,1516
2019-12-27,3240.02,1515.6
2019-12-30,3221.29,1518.2
2019-12-31,3230.78,1520
2020-01-02,3257.85,1531.6
2020-01-03,3234.85,1555.2
2020-01-06,3246.28,1567.7
2020-01-07,3237.18,1576.1
2020-01-08,3253.05,1557.5
2020-01-09,3274.7,1553.5
2020-01-10,3265.35,1563.2
2020-01-13,3288.13,1548.3
2020-01-14,3283.15,1547
2020-01-15,3289.29,1556.6
2020-01-16,3316.81,1552.5
2020-01-17,3329.62,1557.3
2020-01-21,3320.79,1558
2020-01-22,3321.75,1558.5
2020-01-23,3325.54,1565.9
2020-01-24,3295.47,
2020-01-27,3243.63,1581.1
2020-01-28,3276.24,1566.1
2020-01-29,3273.4,1576.7
2020-01-30,3283.66,1573.4
2020-01-31,3225.52,1593.4
2020-02-03,3248.92,1581
2020-02-04,3297.59,1556.7
2020-02-05,3334.69,1559.7
2020-02-06,3345.78,1570.2
2020-02-07,3327.71,1573.8
2020-02-10,3352.09,1575.5
2020-02-11,3357.75,1571.2
2020-02-12,3379.45,1569.1
2020-02-13,3373.94,1579
2020-02-14,3380.16,1586.9
2020-02-18,3370.29,1604.5
2020-02-19,3386.15,1614.6
2020-02-20,3373.23,1622.3
2020-02-21,3337.75,1645.9
2020-02-24,3225.89,1661.7
2020-02-25,3128.21,1650.9
2020-02-26,3116.39,1642.9
2020-02-27,2978.76,1646.3
2020-02-28,2954.22,1587.3
2020-03-02,3090.23,1590.2
2020-03-03,3003.37,1641.6
2020-03-04,3130.12,1637.7
2020-03-05,3023.94,1672.9
2020-03-06,2972.37,1674.2
2020-03-09,2746.56,1680.6
2020-03-10,2882.23,1649.2
2020-03-11,2741.38,1634.9
2020-03-12,2480.64,1575.9
2020-03-13,2711.02,1528.9
2020-03-16,2386.13,1514.5
2020-03-17,2529.19,1528.9
2020-03-18,2398.1,1487.7
2020-03-19,2409.39,1473
2020-03-20,2304.92,1501.1
2020-03-23,2237.4,1560.4
2020-03-24,2447.33,1669
2020-03-25,2475.56,1642.9
2020-03-26,2630.07,1639.5
2020-03-27,2541.47,1630.6
2020-03-30,2626.65,1643.4
2020-03-31,2584.59,1591.1
2020-04-01,2470.5,1603.4
2020-04-02,2526.9,1635.2
2020-04-03,2488.65,1648.8
2020-04-06,2663.68,1707.7
2020-04-07,2659.41,1679.7
2020-04-08,2749.98,1679.5
2020-04-09,2789.82,1740.6
2020-04-13,2761.63,1762.9
2020-04-14,2846.06,1755.6
2020-04-15,2783.36,1743
2020-04-16,2799.55,1733.8
2020-04-17,2874.56,1694.5
2020-04-20,2823.16,1712.4
2020-04-21,2736.56,1702.2
2020-04-22,2799.31,1736.4
2020-04-23,2797.8,1751.6
2020-04-24,2836.74,1745.7
2020-04-27,2878.48,1724.2
2020-04-28,2863.39,1724.4
2020-04-29,2939.51,1729.3
2020-04-30,2912.43,1693.1
2020-05-01,2830.71,1710.2
2020-05-04,2842.74,1710.8
2020-05-05,2868.44,1714.1
2020-05-06,2848.42,1686.1
2020-05-07,2881.19,1727.2
2020-05-08,2929.8,1704.8
2020-05-11,2930.32,1700.2
2020-05-12,2870.12,1705.5
2020-05-13,2820,1723.4
2020-05-14,2852.5,1738.3
2020-05-15,2863.7,1754.1
2020-05-18,2953.91,1734.1
2020-05-19,2922.94,1748.1
2020-05-20,2971.61,1751.4
2020-05-21,2948.51,1726.7
2020-05-22,2955.45,1734.7
2020-05-26,2991.77,1725
2020-05-27,3036.13,1723
2020-05-28,3029.73,1731.4
2020-05-29,3044.31,1743
2020-06-01,3055.73,1750.8
2020-06-02,3080.82,1734.1
2020-06-03,3122.87,1703.1
2020-06-04,3112.35,1720.7
2020-06-05,3193.93,1688.6
2020-06-08,3232.39,1705.3
2020-06-09,3207.18,1719.8
2020-06-10,3190.14,1747.9
2020-06-11,3002.1,1733.7
2020-06-12,3041.31,1737.3
2020-06-15,3066.59,1731.8
2020-06-16,3124.74,1734.9
2020-06-17,3113.49,1735.4
2020-06-18,3115.34,1729.9
2020-06-19,3097.74,1756.2
2020-06-22,3117.86,1764.3
2020-06-23,3131.29,1783.7
2020-06-24,3050.33,1772
2020-06-25,3083.76,1774
2020-06-26,3009.05,1784.8
2020-06-29,3053.24,1784.1
2020-06-30,3100.29,1798.1
2020-07-01,3115.86,1779.3
2020-07-02,3130.01,1787
2020-07-03,3130.01,1787.3
2020-07-06,3179.72,1794
2020-07-07,3145.32,1807.5
2020-07-08,3169.94,1817.8
2020-07-09,3152.05,1807.7
2020-07-10,3185.04,1801.8
2020-07-13,3155.22,1804.9
2020-07-14,3197.52,1812.9
2020-07-15,3226.56,1812.9
2020-07-16,3215.57,1796.7
2020-07-17,3224.73,1812.1
2020-07-20,3251.84,1819
2020-07-21,3257.3,1843.2
2020-07-22,3276.02,1870.8
2020-07-23,3235.66,1884.5
2020-07-24,3215.63,1900.3
2020-07-27,3239.41,1937.5
2020-07-28,3218.44,1950.6
2020-07-29,3258.44,1964.5
2020-07-30,3246.22,1947.4
2020-07-31,3271.12,1994
2020-08-03,3294.61,1993
2020-08-04,3306.51,2037.1
2020-08-05,3327.77,2053
2020-08-06,3349.16,2075.2
2020-08-07,3351.28,2033.4
2020-08-10,3360.47,2037.4
2020-08-11,3333.69,1921.8
2020-08-12,3380.35,1926.2
2020-08-13,3373.43,1963.4
2020-08-14,3372.85,1953.7
2020-08-17,3381.99,1993.7
2020-08-18,3389.78,2010.3
2020-08-19,3374.85,1934.2
2020-08-20,3385.51,1955.6
2020-08-21,3397.16,1947.4
2020-08-24,3431.28,1936.1
2020-08-25,3443.62,1934.9
2020-08-26,3478.73,1962.5
2020-08-27,3484.55,1936.2
2020-08-28,3508.01,1972.6
2020-08-31,3500.31,1973.9
2020-09-01,3526.65,1976.6
2020-09-02,3580.84,1949
2020-09-03,3455.06,1937.4
2020-09-04,3426.96,1940.9
2020-09-08,3331.84,1938.6
2020-09-09,3398.96,1954.9
2020-09-10,3339.19,1954.9
2020-09-11,3340.97,1948.1
2020-09-14,3383.54,1965.1
2020-09-15,3401.2,1961.9
2020-09-16,3385.49,1967.1
2020-09-17,3357.01,1951.5
2020-09-18,3319.47,1957.1
2020-09-21,3281.06,1917.5
2020-09-22,3315.57,1904.3
2020-09-23,3236.92,1866.6
2020-09-24,3246.59,1871.9
2020-09-25,3298.46,1864.3
2020-09-28,3351.6,1886.1
2020-09-29,3335.47,1903
2020-09-30,3363,1890.9
2020-10-01,3380.8,1911.7
2020-10-02,3348.44,1904.1
2020-10-05,3408.63,1918.6
2020-10-06,3360.95,1881.7
2020-10-07,3419.45,1890.5
2020-10-08,3446.83,1898.3
2020-10-09,3477.13,1936.3
2020-10-12,3534.22,1927.3
2020-10-13,3511.93,1894.5
2020-10-14,3488.67,1905.5
2020-10-15,3483.34,1912.9
2020-10-16,3483.81,1902.9
2020-10-19,3426.92,1906.9
2020-10-20,3443.12,1909.4
2020-10-21,3435.56,1927.7
2020-10-22,3453.49,1906.5
2020-10-23,3465.39,1903.4
2020-10-26,3400.97,1904.5
2020-10-27,3390.68,1910
2020-10-28,3271.03,1877.4
2020-10-29,3310.11,1867.9
2020-10-30,3269.96,1878.8
2020-11-02,3310.24,1896.5
2020-11-03,3369.16,1910.5
2020-11-04,3443.44,1902.8
2020-11-05,3510.45,1951.1
2020-11-06,3509.44,1951.5
2020-11-09,3550.5,1862.3
2020-11-10,3545.53,1876
2020-11-11,3572.66,1863.8
2020-11-12,3537.01,1875.8
2020-11-13,3585.15,1888.2
2020-11-16,3626.91,1887.9
2020-11-17,3609.53,1879.2
2020-11-18,3567.79,1871
2020-11-19,3581.87,1864.5
2020-11-20,3557.54,1869.6
2020-11-23,3577.59,1835.2
2020-11-24,3635.41,1805.6
2020-11-25,3629.65,1806.1
2020-11-26,,1808.5
2020-11-27,3638.35,1790.7
2020-11-30,3621.63,1779.9
2020-12-01,3662.45,1819.2
2020-12-02,3669.01,1834.4
2020-12-03,3666.72,1844.8
2020-12-04,3699.12,1842
2020-12-07,3691.96,1866.4
2020-12-08,3702.25,1874.9
2020-12-09,3672.82,1842.9
2020-12-10,3668.1,1840.1
2020-12-11,3663.46,1843.5
2020-12-14,3647.49,1830
2020-12-15,3694.62,1857.5
2020-12-16,3701.17,1868.8
2020-12-17,3722.48,1890.8
2020-12-18,3709.41,1886.8
2020-12-21,3694.92,1882.3
2020-12-22,3687.26,1864.8
2020-12-23,3690.01,1877.3
2020-12-24,3703.06,1882.6
2020-12-28,3735.36,1877.2
2020-12-29,3727.04,1882.5
2020-12-30,3732.04,1898.6
2020-12-31,3756.07,1901.6
2021-01-04,3700.65,1946.7
2021-01-05,3726.86,1953.7
2021-01-06,3748.14,1920.2
2021-01-07,3803.79,1914.8
2021-01-08,3824.68,1849.9
2021-01-11,3799.61,1843.8
2021-01-12,3801.19,1854.8
2021-01-13,3809.84,1844.7
2021-01-14,3795.54,1846.3
2021-01-15,3768.25,1827.7
2021-01-18,,1836.8
2021-01-19,3798.91,1839.3
2021-01-20,3851.85,1872
2021-01-21,3853.07,1869.9
2021-01-22,3841.47,1855.5
2021-01-25,3855.36,1855
2021-01-26,3849.62,1849.4
2021-01-27,3750.77,1842.3
2021-01-28,3787.38,1841.8
2021-01-29,3714.24,1849.8
2021-02-01,3773.86,1863.8
2021-02-02,3826.31,1838.5
2021-02-03,3830.17,1834.8
2021-02-04,3871.74,1794.1
2021-02-05,3886.83,1815.2
2021-02-08,3915.59,1832
2021-02-09,3911.23,1838.8
2021-02-10,3909.88,1844.2
2021-02-11,3916.38,1825.6
2021-02-12,3934.83,1824.8
2021-02-15,,1818.9
2021-02-16,3932.59,1793.7
2021-02-17,3931.33,1775.1
2021-02-18,3913.97,1774.6
2021-02-19,3906.71,1783.1
2021-02-22,3876.5,1809.1
2021-02-23,3881.37,1805.5
2021-02-24,3925.43,1804
2021-02-25,3829.34,1769.1
2021-02-26,3811.15,1733
2021-03-01,3901.82,1723.1
2021-03-02,3870.29,1736.9
2021-03-03,3819.72,1709.3
2021-03-04,3768.47,1694.9
2021-03-05,3841.94,1698.2
2021-03-08,3821.35,1679.8
2021-03-09,3875.44,1714.1
2021-03-10,3898.81,1725
2021-03-11,3939.34,1721
2021-03-12,3943.34,1725.8
2021-03-15,3968.94,1730
2021-03-16,3962.71,1730.1
2021-03-17,3974.12,1744
2021-03-18,3915.46,1734.6
2021-03-19,3913.1,1743.9
2021-03-22,3940.59,1738.5
2021-03-23,3910.52,1725.9
2021-03-24,3889.14,1733.4
2021-03-25,3909.52,1725.4
2021-03-26,3974.54,1731.6
2021-03-29,3971.09,1710
2021-03-30,3958.55,1685.9
2021-03-31,3972.89,1708.6
2021-04-01,4019.87,1730.3
2021-04-05,4077.91,1729.2
2021-04-06,4073.94,1744.4
2021-04-07,4079.95,1738.5
2021-04-08,4097.17,1756.4
2021-04-09,4128.8,1744.1
2021-04-12,4127.99,1732.6
2021-04-13,4141.59,1746.2
2021-04-14,4124.66,1736.5
2021-04-15,4170.42,1764.4
2021-04-16,4185.47,1777.3
2021-04-19,4163.26,1771.2
2021-04-20,4134.94,1779.2
2021-04-21,4173.42,1794.3
2021-04-22,4134.98,1784
2021-04-23,4180.17,1776.7
2021-04-26,4187.62,1781.1
2021-04-27,4186.72,1776.1
2021-04-28,4183.18,1781.6
2021-04-29,4211.47,1772
2021-04-30,4181.17,1768.8
2021-05-03,4192.66,1793.1
2021-05-04,4164.66,1778.6
2021-05-05,4167.59,1786.6
2021-05-06,4201.62,1815.5
2021-05-07,4232.6,1832
2021-05-10,4188.43,1836.6
2021-05-11,4152.1,1838.4
2021-05-12,4063.04,1815.9
2021-05-13,4112.5,1826.8
2021-05-14,4173.85,1844
2021-05-17,4163.29,1867.6
2021-05-18,4127.83,1869.8
2021-05-19,4115.68,1870.1
2021-05-20,4159.12,1877.4
2021-05-21,4155.86,1881.8
2021-05-24,4197.05,1881.6
2021-05-25,4188.13,1899.9
2021-05-26,4195.99,1896.8
2021-05-27,4200.88,1899.4
2021-05-28,4204.11,1906.3
2021-05-31,,1909.5
2021-06-01,4202.04,1902.5
2021-06-02,4208.12,1910.9
2021-06-03,4192.85,1872.7
2021-06-04,4229.89,1894.1
2021-06-07,4226.52,1902.1
2021-06-08,4227.26,1895.2
2021-06-09,4219.55,1890.7
2021-06-10,4239.18,1901.3
2021-06-11,4247.44,1879.5
2021-06-14,4255.15,1867.7
2021-06-15,4246.59,1860.3
2021-06-16,4223.7,1812.6
2021-06-17,4221.86,1774.3
2021-06-18,4166.45,1763.9
2021-06-21,4224.79,1783.5
2021-06-22,4246.44,1778.9
2021-06-23,4241.84,1778.7
2021-06-24,4266.49,1775.1
2021-06-25,4280.7,1781.8
2021-06-28,4290.61,1778.8
2021-06-29,4291.8,1761.6
2021-06-30,4297.5,1770.6
2021-07-01,4319.94,1777.3
2021-07-02,4352.34,1787.7
2021-07-05,,1792
2021-07-06,4343.54,1797
2021-07-07,4358.13,1803.9
2021-07-08,4320.82,1803.1
2021-07-09,4369.55,1808.6
2021-07-12,4384.63,1806.7
2021-07-13,4369.21,1807.7
2021-07-14,4374.3,1828.6
2021-07-15,4360.03,1830.3
2021-07-16,4327.16,1812.5
2021-07-19,4258.49,1813.3
2021-07-20,4323.06,1810.2
2021-07-21,4358.69,1803.8
2021-07-22,4367.48,1807.2
2021-07-23,4411.79,1802.1
2021-07-26,4422.3,1797.2
2021-07-27,4401.46,1798.8
2021-07-28,4400.64,1806
2021-07-29,4419.15,1827.8
2021-07-30,4395.26,1816.9
2021-08-02,4387.16,1816.8
2021-08-03,4423.15,1813.4
2021-08-04,4402.66,1814.3
2021-08-05,4429.1,1806.5
2021-08-06,4436.52,1763.5
2021-08-09,4432.35,1731.6
2021-08-10,4436.75,1729.8
2021-08-11,4447.7,1753
2021-08-12,4460.83,1754.2
2021-08-13,4468,1781.5
2021-08-16,4479.71,1789.1
2021-08-17,4448.08,1788.1
2021-08-18,4400.27,1790
2021-08-19,4405.8,1782.5
2021-08-20,4441.67,1782.6
2021-08-23,4479.53,1807.8
2021-08-24,4486.23,1805
2021-08-25,4496.19,1792.7
2021-08-26,4470,1794.3
2021-08-27,4509.37,1820.5
2021-08-30,4528.79,1812.7
2021-08-31,4522.68,1816.4
2021-09-01,4524.09,1816.3
2021-09-02,4536.95,1811.7
2021-09-03,4535.43,1829.9
2021-09-06,,1825.5
2021-09-07,4520.03,1796.1
2021-09-08,4514.07,1790.7
2021-09-09,4493.28,1796.3
2021-09-10,4458.58,1788.2
2021-09-13,4468.73,1795.1
2021-09-14,4443.05,1806.5
2021-09-15,4480.7,1795.2
2021-09-16,4473.75,1753.8
2021-09-17,4432.99,1753.9
2021-09-20,4357.73,1764.7
2021-09-21,4354.19,1775
2021-09-22,4395.64,1768.4
2021-09-23,4448.98,1742.8
2021-09-24,4455.48,1750.6
2021-09-27,4443.11,1749.8
2021-09-28,4352.63,1733.9
2021-09-29,4359.46,1726.1
2021-09-30,4307.54,1757.5
2021-10-01,4357.04,1761.3
2021-10-04,4300.46,1770.4
2021-10-05,4345.72,1760.9
2021-10-06,4363.55,1763.8
2021-10-07,4399.76,1756.1
2021-10-08,4391.34,1757.2
2021-10-11,4361.19,1754
2021-10-12,4350.65,1760.2
2021-10-13,4363.8,1793.9
2021-10-14,4438.26,1797.3
2021-10-15,4471.37,1768.1
2021-10-18,4486.46,1764.8
2021-10-19,4519.63,1769.4
2021-10-20,4536.19,1782.8
2021-10-21,4549.78,1783.7
2021-10-22,4544.9,1793.1
2021-10-25,4566.48,1808.9
2021-10-26,4574.79,1794.1
2021-10-27,4551.68,1798.3
2021-10-28,4596.42,1800.6
2021-10-29,4605.38,1785
2021-11-01,4613.67,1794.6
2021-11-02,4630.65,1788.9
2021-11-03,4660.57,1770.1
2021-11-04,4680.06,1793
2021-11-05,4697.53,1820
2021-11-08,4701.7,1826
2021-11-09,4685.25,1834
2021-11-10,4646.71,1851.6
2021-11-11,4649.27,1864.3
2021-11-12,4682.85,1867.7
2021-11-15,4682.8,1864.7
2021-11-16,4700.9,1852
2021-11-17,4688.67,1869.5
2021-11-18,4704.54,1860.6
2021-11-19,4697.96,1846.8
2021-11-22,4682.94,1804.6
2021-11-23,4690.7,1789.5
2021-11-24,4701.46,1788.7
2021-11-25,,1788.3
2021-11-26,4594.62,1792.3
2021-11-29,4655.27,1782.9
2021-11-30,4567,1776.2
2021-12-01,4513.04,1783.1
2021-12-02,4577.1,1769.7
2021-12-03,4538.43,1783.9
2021-12-06,4591.67,1779.3
2021-12-07,4686.75,1784.9
2021-12-08,4701.21,1784.1
2021-12-09,4667.45,1775.9
2021-12-10,4712.02,1783.1
2021-12-13,4668.97,1787.4
2021-12-14,4634.09,1771.4
2021-12-15,4709.85,1777.4
2021-12-16,4668.67,1800.4
2021-12-17,4620.64,1798.6
2021-12-20,4568.02,1791.5
2021-12-21,4649.23,1789.6
2021-12-22,4696.56,1804.7
2021-12-23,4725.78,1810.1
2021-12-27,4791.19,1812.8
2021-12-28,4786.35,1806.6
2021-12-29,4793.06,1805.4
2021-12-30,4778.73,1815.5
2021-12-31,4766.18,1830.5
2022-01-03,4796.56,1801.3
2022-01-04,4793.54,1814.9
2022-01-05,4700.58,1810.6
2022-01-06,4696.05,1790.9
2022-01-07,4677.03,1796.5
2022-01-10,4670.29,1801.3
2022-01-11,4713.07,1821.5
2022-01-12,4726.35,1825.7
2022-01-13,4659.03,1822.1
2022-01-14,4662.85,1817.3
2022-01-17,,1818.9
2022-01-18,4577.11,1813.4
2022-01-19,4532.76,1840.7
2022-01-20,4482.73,1839.8
2022-01-21,4397.94,1836.1
2022-01-24,4410.13,1843.5
2022-01-25,4356.45,1848.1
2022-01-26,4349.93,1818.8
2022-01-27,4326.51,1796.6
2022-01-28,4431.85,1792.3
2022-01-31,4515.55,1797.7
2022-02-01,4546.54,1801.3
2022-02-02,4589.38,1807.2
2022-02-03,4477.44,1805.2
2022-02-04,4500.53,1808.8
2022-02-07,4483.87,1821.2
2022-02-08,4521.54,1826.8
2022-02-09,4587.18,1834.2
2022-02-10,4504.08,1827.3
2022-02-11,4418.64,1860.6
2022-02-14,4401.67,1873.1
2022-02-15,4471.07,1855.1
2022-02-16,4475.01,1871.5
2022-02-17,4380.26,1900.7
2022-02-18,4348.87,1900.8
2022-02-21,,1906.2
2022-02-22,4304.76,1900.3
2022-02-23,4225.5,1910.9
2022-02-24,4288.7,1905.4
2022-02-25,4384.65,1890.1
2022-02-28,4373.94,1910.6
2022-03-01,4306.26,1947.6
2022-03-02,4386.54,1930.8
2022-03-03,4363.49,1938.4
2022-03-04,4328.87,1974.9
2022-03-07,4201.09,2001.8
2022-03-08,4170.7,2058.3
2022-03-09,4277.88,1995.7
2022-03-10,4259.52,2001.8
2022-03-11,4204.31,1992.3
2022-03-14,4173.11,1953.2
2022-03-15,4262.45,1919.2
2022-03-16,4357.86,1928
2022-03-17,4411.67,1943
2022-03-18,4463.12,1921.5
2022-03-21,4461.18,1935.7
2022-03-22,4511.61,1921.5
2022-03-23,4456.24,1944.2
2022-03-24,4520.16,1957.7
2022-03-25,4543.06,1957.6
2022-03-28,4575.52,1922.1
2022-03-29,4631.6,1918.4
2022-03-30,4602.45,1937.4
2022-03-31,4530.41,1942.3
2022-04-01,4545.86,1928.5
2022-04-04,4582.64,1936.9
2022-04-05,4525.12,1926.6
2022-04-06,4481.15,1928.4
2022-04-07,4500.21,1934.7
2022-04-08,4488.28,1950.4
2022-04-11,4412.53,1957.5
2022-04-12,4397.45,1970.3
2022-04-13,4446.59,1981.3
2022-04-14,4392.59,1977.1
2022-04-18,4391.69,1982
2022-04-19,4462.21,1952.2
2022-04-20,4459.45,1960.1
2022-04-21,4393.66,1953.4
2022-04-22,4271.78,1932.5
2022-04-25,4296.12,1899.1
2022-04-26,4175.2,1906.4
2022-04-27,4183.96,1886.6
2022-04-28,4287.5,1895
2022-04-29,4131.93,1896.9
2022-05-02,4155.38,1863.2
2022-05-03,4175.48,1868.3
2022-05-04,4300.17,1882.3
2022-05-05,4146.87,1877.2
2022-05-06,4123.34,1882.8
2022-05-09,3991.24,1853.7
2022-05-10,4001.05,1837.2
2022-05-11,3935.18,1852.2
2022-05-12,3930.08,1820.7
2022-05-13,4023.89,1810.3
2022-05-16,4008.01,1822.9
2022-05-17,4088.85,1813.6
2022-05-18,3923.68,1815.1
2022-05-19,3900.79,1840.3
2022-05-20,3901.36,1845.1
2022-05-23,3973.75,1852.1
2022-05-24,3941.48,1865.5
2022-05-25,3978.73,1852
2022-05-26,4057.84,1848.5
2022-05-27,4158.24,1850.6
2022-05-30,,1857.3
2022-05-31,4132.15,1840
2022-06-01,4101.23,1849.5
2022-06-02,4176.82,1872.2
2022-06-03,4108.54,1853.9
2022-06-06,4121.43,1843.9
2022-06-07,4160.68,1854.7
2022-06-08,4115.77,1855.6
2022-06-09,4017.82,1850.7
2022-06-10,3900.86,1875.2
2022-06-13,3749.63,1820.2
2022-06-14,3735.48,1809.8
2022-06-15,3789.99,1836.1
2022-06-16,3666.77,1859.7
2022-06-17,3674.84,1841.9
2022-06-20,,1840.7
2022-06-21,3764.79,1834.9
2022-06-22,3759.89,1839.7
2022-06-23,3795.73,1824
2022-06-24,3911.74,1828.1
2022-06-27,3900.11,1824
2022-06-28,3821.55,1821.4
2022-06-29,3818.83,1819.2
2022-06-30,3785.38,1808
2022-07-01,3825.33,1812.9
2022-07-04,,1808.3
2022-07-05,3831.39,1763.8
2022-07-06,3845.08,1737.2
2022-07-07,3902.62,1738.5
2022-07-08,3899.38,1740.9
2022-07-11,3854.43,1731.9
2022-07-12,3818.8,1724
2022-07-13,3801.78,1733.8
2022-07-14,3790.38,1708
2022-07-15,3863.16,1706.5
2022-07-18,3830.85,1707
2022-07-19,3936.69,1709.7
2022-07-20,3959.9,1694.3
2022-07-21,3998.95,1717.5
2022-07-22,3961.63,1725.3
2022-07-25,3966.84,1718.2
2022-07-26,3921.05,1715.4
2022-07-27,4023.61,1732.4
2022-07-28,4072.43,1753.4
2022-07-29,4130.29,1782.7
2022-08-01,4118.63,1789.3
2022-08-02,4091.19,1776.2
2022-08-03,4155.17,1782.1
2022-08-04,4151.94,1807.9
2022-08-05,4145.19,1792.4
2022-08-08,4140.06,1805.5
2022-08-09,4122.47,1810.5
2022-08-10,4210.24,1808
2022-08-11,4207.27,1805.5
2022-08-12,4280.15,1818.9
2022-08-15,4297.14,1795.1
2022-08-16,4305.2,1790.4
2022-08-17,4274.04,1776.3
2022-08-18,4283.74,1772.2
2022-08-19,4228.48,1760.3
2022-08-22,4137.99,1749.4
2022-08-23,4128.73,1761.1
2022-08-24,4140.77,1764.2
2022-08-25,4199.12,1771.8
2022-08-26,4057.66,1750.8
2022-08-29,4030.61,1749.5
2022-08-30,3986.16,1735.6
2022-08-31,3955,1722.7
2022-09-01,3966.85,1708.8
2022-09-02,3924.26,1722.6
2022-09-05,,1721.2
2022-09-06,3908.19,1712.9
2022-09-07,3979.87,1729.5
2022-09-08,4006.18,1719.4
2022-09-09,4067.36,1727.6
2022-09-12,4110.41,1735.4
2022-09-13,3932.69,1712.2
2022-09-14,3946.01,1707
2022-09-15,3901.35,1673.9
2022-09-16,3873.33,1684.5
2022-09-19,3899.89,1685
2022-09-20,3855.93,1673.2
2022-09-21,3789.93,1682.2
2022-09-22,3757.99,1679.4
2022-09-23,3693.23,1651.7
2022-09-26,3655.04,1629.3
2022-09-27,3647.29,1636.5
2022-09-28,3719.04,1668.5
2022-09-29,3640.47,1668.8
2022-09-30,3585.62,1668.3
2022-10-03,3678.43,1708.6
2022-10-04,3790.93,1734.7
2022-10-05,3783.28,1725
2022-10-06,3744.52,1720.9
2022-10-07,3639.66,1701.8
2022-10-10,3612.39,1675.7
2022-10-11,3588.84,1673.2
2022-10-12,3577.03,1680.1
2022-10-13,3669.91,1672.9
2022-10-14,3583.07,1650.2
2022-10-17,3677.95,1655.5
2022-10-18,3719.98,1657.5
2022-10-19,3695.16,1634.3
2022-10-20,3665.78,1632.5
2022-10-21,3752.75,1662.5
2022-10-24,3797.34,1654.1
2022-10-25,3859.11,1657.4
2022-10-26,3830.6,1668.8
2022-10-27,3807.3,1667.4
2022-10-28,3901.06,1648.3
2022-10-31,3871.98,1636.4
2022-11-01,3856.1,1651
2022-11-02,3759.69,1637.7
2022-11-03,3719.89,1632.1
2022-11-04,3770.55,1685.7
2022-11-07,3806.8,1678.5
2022-11-08,3828.11,1715.8
2022-11-09,3748.57,1709.7
2022-11-10,3956.37,1759
2022-11-11,3992.93,1774.2
2022-11-14,3957.25,1774.7
2022-11-15,3991.73,1782.2
2022-11-16,3958.79,1777
2022-11-17,3946.56,1762.8
2022-11-18,3965.34,1752
2022-11-21,3949.94,1739.5
2022-11-22,4003.58,1740.8
2022-11-23,4027.26,1750.5
2022-11-24,,1755.1
2022-11-25,4026.12,1755
2022-11-28,3963.94,1740.3
2022-11-29,3957.63,1748.3
2022-11-30,4080.11,1782.9
2022-12-01,4076.57,1817.4
2022-12-02,4071.7,1811.4
2022-12-05,3998.84,1781.5
2022-12-06,3941.26,1783.3
2022-12-07,3933.92,1799
2022-12-08,3963.51,1801.3
2022-12-09,3934.38,1809.4
2022-12-12,3990.56,1792.9
2022-12-13,4019.65,1822.5
2022-12-14,3995.32,1818.8
2022-12-15,3895.75,1787.1
2022-12-16,3852.36,1803
2022-12-19,3817.66,1796.8
2022-12-20,3821.62,1827.7
2022-12-21,3878.44,1823.9
2022-12-22,3822.39,1800.4
2022-12-23,3844.82,1806
2022-12-26,,1806
2022-12-27,3829.25,1821.8
2022-12-28,3783.22,1812
2022-12-29,3849.28,1821.9
2022-12-30,3839.5,1830.1
2023-01-02,,1830.1
2023-01-03,3824.14,1845.5
2023-01-04,3852.97,1860.7
2023-01-05,3808.1,1837.9
2023-01-06,3895.08,1870.5
2023-01-09,3892.09,1876.3
2023-01-10,3919.25,1881.3
2023-01-11,3969.61,1879.7
2023-01-12,3983.17,1900.2
2023-01-13,3999.09,1923
2023-01-16,,1918.3
2023-01-17,3990.97,1911.2
2023-01-18,3928.86,1906.3
2023-01-19,3898.85,1933.8
2023-01-20,3972.61,1927.7
2023-01-23,4019.81,1932
2023-01-24,4016.95,1938.7
2023-01-25,4016.22,1947.3
2023-01-26,4060.43,1929.7
2023-01-27,4070.56,1927.6
2023-01-30,4017.77,1922.5
2023-01-31,4076.6,1943.8
2023-02-01,4119.21,1966.8
2023-02-02,4179.76,1927.1
2023-02-03,4136.48,1877.7
2023-02-06,4111.08,1880.2
2023-02-07,4164,1885.1
2023-02-08,4117.86,1888.2
2023-02-09,4081.5,1873.4
2023-02-10,4090.46,1876.4
2023-02-13,4137.29,1864.3
2023-02-14,4136.13,1864.8
2023-02-15,4147.6,1846.6
2023-02-16,4090.41,1845.3
2023-02-17,4079.09,1851.3
2023-02-20,,1850.3
2023-02-21,3997.34,1844
2023-02-22,3991.05,1834.2
2023-02-23,4012.32,1829.6
2023-02-24,3970.04,1818
2023-02-27,3982.24,1824.2
2023-02-28,3970.15,1833.8
2023-03-01,3951.39,1843.6
2023-03-02,3981.35,1842.1
2023-03-03,4045.64,1862.8
2023-03-06,4048.42,1852.4
2023-03-07,3986.37,1817.6
2023-03-08,3992.01,1818.1
2023-03-09,3918.32,1835
2023-03-10,3861.59,1872.7
2023-03-13,3855.76,1918.9
2023-03-14,3919.29,1908.3
2023-03-15,3891.93,1923.3
2023-03-16,3960.28,1923.8
2023-03-17,3916.64,1993.7
2023-03-20,3951.57,1982.8
2023-03-21,4002.87,1943.6
2023-03-22,3936.97,1973.4
2023-03-23,3948.72,1996.1
2023-03-24,3970.99,1981
2023-03-27,3977.53,1957.7
2023-03-28,3971.27,1975.3
2023-03-29,4027.81,1966.2
2023-03-30,4050.83,1998
2023-03-31,4109.31,1987
2023-04-03,4124.51,2001.7
2023-04-04,4100.6,2038.1
2023-04-05,4090.38,2037.1
2023-04-06,4105.02,2023.7
2023-04-10,4109.11,2006.6
2023-04-11,4108.94,2019
2023-04-12,4091.95,2029.4
2023-04-13,4146.22,2054.6
2023-04-14,4137.64,2017.7
2023-04-17,4151.32,2007.5
2023-04-18,4154.87,2017.8
2023-04-19,4154.52,2007.4
2023-04-20,4129.79,2016.6
2023-04-21,4133.52,1994.1
2023-04-24,4137.04,1999.4
2023-04-25,4071.63,2007.9
2023-04-26,4055.99,1998.8
2023-04-27,4135.35,1997
2023-04-28,4169.48,1999.4
2023-05-01,4167.87,1991.3
2023-05-02,4119.58,2025.8
2023-05-03,4090.75,2048.8
2023-05-04,4061.22,2058.6
2023-05-05,4136.25,2024.9
2023-05-08,4138.12,2028.5
2023-05-09,4119.17,2041.8
2023-05-10,4137.64,2036.8
2023-05-11,4130.62,2020.5
2023-05-12,4124.08,2015.6
2023-05-15,4136.28,2021.4
2023-05-16,4109.9,1993.2
2023-05-17,4158.77,1985.7
2023-05-18,4198.05,1960.3
2023-05-19,4191.98,1979.9
2023-05-22,4192.63,1973.7
2023-05-23,4145.58,1977.5
2023-05-24,4115.24,1959.3
2023-05-25,4151.28,1941.7
2023-05-26,4205.45,1946.1
2023-05-29,,1942
2023-05-30,4205.52,1977.6
2023-05-31,4179.83,1981
2023-06-01,4221.02,1995.1
2023-06-02,4282.37,1964.3
2023-06-05,4273.79,1978.1
2023-06-06,4283.85,1979.8
2023-06-07,4267.52,1955.5
2023-06-08,4293.93,1980.1
2023-06-09,4298.86,1975.7
2023-06-12,4338.93,1971.8
2023-06-13,4369.01,1956.9
2023-06-14,4372.59,1955.7
2023-06-15,4425.84,1970.5
2023-06-16,4409.59,1970.7
2023-06-19,,1962.3
2023-06-20,4388.71,1948.1
2023-06-21,4365.69,1943.5
2023-06-22,4381.89,1923.9
2023-06-23,4348.33,1930.3
2023-06-26,4328.82,1932.9
2023-06-27,4378.41,1923.3
2023-06-28,4376.86,1916.5
2023-06-29,4396.44,1916.2
2023-06-30,4450.38,1927.8
2023-07-03,4455.59,1929.2
2023-07-04,,1933.6
2023-07-05,4446.82,1922.7
2023-07-06,4411.59,1916.9
2023-07-07,4398.95,1930.5
2023-07-10,4409.53,1930.9
2023-07-11,4439.26,1937.6
2023-07-12,4472.16,1963.1
2023-07-13,4510.04,1965
2023-07-14,4505.42,1959.3
2023-07-17,4522.79,1959
2023-07-18,4554.98,1982.5
2023-07-19,4565.72,1980.4
2023-07-20,4534.87,1972.1
2023-07-21,4536.34,1963.9
2023-07-24,4554.64,1956.5
2023-07-25,4567.46,1966.6
2023-07-26,4566.75,1973.4
2023-07-27,4537.41,1946.3
2023-07-28,4582.23,1958.8
2023-07-31,4588.96,2003.7
2023-08-01,4576.73,1981.6
2023-08-02,4513.39,1970.8
2023-08-03,4501.89,1969.3
2023-08-04,4478.03,1978.2
2023-08-07,4518.44,1971.7
2023-08-08,4499.38,1959.7
2023-08-09,4467.71,1947.8
2023-08-10,4468.83,1944.7
2023-08-11,4464.05,1945.7
2023-08-14,4489.72,1939.1
2023-08-15,4437.86,1933.3
2023-08-16,4404.33,1922.1
2023-08-17,4370.36,1918.9
2023-08-18,4369.71,1918.4
2023-08-21,4399.77,1924
2023-08-22,4387.55,1926.4
2023-08-23,4436.01,1945
2023-08-24,4376.31,1944.7
2023-08-25,4405.71,1943.3
2023-08-28,4433.31,1948
2023-08-29,4497.63,1965.6
2023-08-30,4514.87,1970.4
2023-08-31,4507.66,1966.6
2023-09-01,4515.77,1966.2
2023-09-04,,1964.2
2023-09-05,4496.83,1951.5
2023-09-06,4465.48,1941.8
2023-09-07,4451.14,1944
2023-09-08,4457.49,1942.6
2023-09-11,4487.46,1945.3
2023-09-12,4461.9,1936.1
2023-09-13,4467.44,1930.6
2023-09-14,4505.1,1932.5
2023-09-15,4450.32,1945.6
2023-09-18,4453.53,1955.2
2023-09-19,4443.95,1952.6
2023-09-20,4402.2,1951.3
2023-09-21,4330,1939.9
2023-09-22,4320.06,1944.9
2023-09-25,4337.44,1934.9
2023-09-26,4273.53,1919
2023-09-27,4274.51,1893.2
2023-09-28,4299.7,1881.7
2023-09-29,4288.05,1864.6
2023-10-02,4288.39,1844.1
2023-10-03,4229.45,1838.9
2023-10-04,4263.75,1836.7
2023-10-05,4258.19,1834.3
2023-10-06,4308.5,1847
2023-10-09,4335.66,1875
2023-10-10,4358.24,1873.8
2023-10-11,4376.95,1887.9
2023-10-12,4349.61,1881.6
2023-10-13,4327.78,1945.9
2023-10-16,4373.63,1932.9
2023-10-17,4373.2,1935.7
2023-10-18,4314.6,1960.3
2023-10-19,4278,1986.8
2023-10-20,4224.16,1993.1
2023-10-23,4217.04,1984.3
2023-10-24,4247.68,1982.1
2023-10-25,4186.77,1991.2
2023-10-26,4137.23,1995
2023-10-27,4117.37,2016.3
2023-10-30,4166.82,2005.7
2023-10-31,4193.8,1992.7
2023-11-01,4237.86,1991.3
2023-11-02,4317.78,1993.3
2023-11-03,4358.34,1999.9
2023-11-06,4365.98,1984.7
2023-11-07,4378.38,1975.6
2023-11-08,4382.78,1956.2
2023-11-09,4347.35,1963.9
2023-11-10,4415.24,1942.7
2023-11-13,4411.55,1950.2
2023-11-14,4495.7,1967.2
2023-11-15,4502.88,1963.1
2023-11-16,4508.24,1984.3
2023-11-17,4514.02,1983.5
2023-11-20,4547.38,1980.2
2023-11-21,4538.19,2000.3
2023-11-22,4556.62,1991.5
2023-11-23,,1993.3
2023-11-24,4559.34,2003.7
2023-11-27,4550.43,2014.4
2023-11-28,4554.89,2041.6
2023-11-29,4550.58,2065.5
2023-11-30,4567.8,2056.1
2023-12-01,4594.63,2091.7
2023-12-04,4569.78,2048.2
2023-12-05,4567.18,2037.6
2023-12-06,4549.34,2043.4
2023-12-07,4585.59,2045.3
2023-12-08,4604.37,2020.8
2023-12-11,4622.44,1997.6
2023-12-12,4643.7,1995
2023-12-13,4707.09,2043.1
2023-12-14,4719.55,2051.3
2023-12-15,4719.19,2033.8
2023-12-18,4740.56,2041.2
2023-12-19,4768.37,2053.8
2023-12-20,4698.35,2044.4
2023-12-21,4746.75,2057.8
2023-12-22,4754.63,2064.5
2023-12-25,,2064.5
2023-12-26,4774.75,2079.2
2023-12-27,4781.58,2089.4
2023-12-28,4783.35,2075.7
2023-12-29,4769.83,2071.8
2024-01-01,,2071.8
2024-01-02,4742.83,2067.6
2024-01-03,4704.81,2049.6
2024-01-04,4688.68,2051
2024-01-05,4697.24,2052.6
2024-01-08,4763.54,2034.1
2024-01-09,4756.5,2035.9
2024-01-10,4783.45,2029.8
2024-01-11,4780.24,2033.1
2024-01-12,4783.83,2053.6
2024-01-15,,2059
2024-01-16,4765.98,2031.7
2024-01-17,4739.21,2008.8
2024-01-18,4780.94,2025.1
2024-01-19,4839.81,2031.8
2024-01-22,4850.43,2023.1
2024-01-23,4864.6,2030.6
2024-01-24,4868.55,2014.4
2024-01-25,4894.16,2021
2024-01-26,4890.97,2018.2
2024-01-29,4927.93,2032.7
2024-01-30,4924.97,2055.3
2024-01-31,4845.65,2057.7
2024-02-01,4906.19,2072.3
2024-02-02,4958.61,2057.1
2024-02-05,4942.81,2041.6
2024-02-06,4954.23,2052.5
2024-02-07,4995.06,2050.9
2024-02-08,4997.91,2049.7
2024-02-09,5026.61,2038.7
2024-02-12,5021.84,2033.8
2024-02-13,4953.17,2006
2024-02-14,5000.62,2005
2024-02-15,5029.73,2016.1
2024-02-16,5005.57,2025.5
2024-02-19,,2029.4
2024-02-20,4975.51,2036
2024-02-21,4981.8,2036.8
2024-02-22,5087.03,2034.3
2024-02-23,5088.8,2045.8
2024-02-26,5069.53,2040.9
2024-02-27,5078.18,2039.4
2024-02-28,5069.76,2043.5
2024-02-29,5096.27,2052.8
2024-03-01,5137.08,2091.6
2024-03-04,5130.95,2123.1
2024-03-05,5078.65,2136.4
2024-03-06,5104.76,2156.5
2024-03-07,5157.36,2167.4
2024-03-08,5123.69,2186.2
2024-03-11,5117.94,2189
2024-03-12,5175.27,2163.9
2024-03-13,5165.31,2179.4
2024-03-14,5150.48,2166.5
2024-03-15,5117.09,2159.4
2024-03-18,5149.42,2163.9
2024-03-19,5178.51,2160.9
2024-03-20,5224.62,2189.6
2024-03-21,5241.53,2183.3
2024-03-22,5234.18,2166.5
2024-03-25,5218.19,2173
2024-03-26,5203.58,2179.5
2024-03-27,5248.49,2215.4
2024-03-28,5254.35,2254.8
2024-04-01,5243.77,2272.5
2024-04-02,5205.81,2301
2024-04-03,5211.49,2320.9
2024-04-04,5147.21,2310.4
2024-04-05,5204.34,2349.1
2024-04-08,5202.39,2358.4
2024-04-09,5209.91,2372
2024-04-10,5160.64,2352.4
2024-04-11,5199.06,2390.6
2024-04-12,5123.41,2360.2
2024-04-15,5061.82,2399.3
2024-04-16,5051.41,2399.5
2024-04-17,5022.21,2376.6
2024-04-18,5011.12,2394.4
2024-04-19,4967.23,2406.7
2024-04-22,5010.6,2341.1
2024-04-23,5070.55,2335.7
2024-04-24,5071.63,2328.9
2024-04-25,5048.42,2344.6
2024-04-26,5099.96,2349.6
2024-04-29,5116.17,2347.5
2024-04-30,5035.69,2297.3
2024-05-01,5018.39,2330.2
2024-05-02,5064.2,2313.4
2024-05-03,5127.79,2310.1
2024-05-06,5180.74,2332.9
2024-05-07,5187.7,2322.5
2024-05-08,5187.67,2316.1
2024-05-09,5214.08,2353.1
2024-05-10,5222.68,2366.9
2024-05-13,5221.42,2342.3
2024-05-14,5246.68,2363.5
2024-05-15,5308.15,2391.8
2024-05-16,5297.1,2380.8
2024-05-17,5303.27,2419.8
2024-05-20,5308.13,2430.3
2024-05-21,5321.41,2425.2
2024-05-22,5307.01,2382.3
2024-05-23,5267.84,2330.6
2024-05-24,5304.72,2335.2
2024-05-27,,2352.5
2024-05-28,5306.04,2384.8
2024-05-29,5266.95,2360.3
2024-05-30,5235.48,2364.5
2024-05-31,5277.51,2347.7
2024-06-03,5283.4,2371.4
2024-06-04,5291.34,2346.4
2024-06-05,5354.03,2375.3
2024-06-06,5352.96,2395.2
2024-06-07,5346.99,2311.1
2024-06-10,5360.79,2328
2024-06-11,5375.32,2333.9
2024-06-12,5421.03,2340.7
2024-06-13,5433.74,2319.7
2024-06-14,5431.6,2348.4
2024-06-17,5473.23,2333.6
2024-06-18,5487.03,2344.2
2024-06-19,,2342.7
2024-06-20,5473.17,2373.6
2024-06-21,5464.62,2334.7
2024-06-24,5447.87,2347.2
2024-06-25,5469.3,2331.7
2024-06-26,5477.9,2309.8
2024-06-27,5482.87,2338.7
2024-06-28,5460.48,2336.9
2024-07-01,5475.09,2341.9
2024-07-02,5509.01,2338.6
2024-07-03,5537.02,2365.4
2024-07-04,,2365.3
2024-07-05,5567.19,2399.8
2024-07-08,5572.85,2366.4
2024-07-09,5576.98,2371.1
2024-07-10,5633.91,2377.9
2024-07-11,5584.54,2420.9
2024-07-12,5615.35,2416
2024-07-15,5631.22,2427.4
2024-07-16,5667.2,2473.6
2024-07-17,5588.27,2463.1
2024-07-18,5544.59,2447.9
2024-07-19,5505,2402.8
2024-07-22,5564.41,2398.2
2024-07-23,5555.74,2410.6
2024-07-24,5427.13,2397.5
2024-07-25,5399.22,2363.4
2024-07-26,5459.1,2385.7
2024-07-29,5463.54,2381.5
2024-07-30,5436.44,2456
2024-07-31,5522.3,2493.4
2024-08-01,5446.68,2490.9
2024-08-02,5346.56,2486.1
2024-08-05,5186.33,2452.1
2024-08-06,5240.03,2432.1
2024-08-07,5199.5,2423.5
2024-08-08,5319.31,2467.4
2024-08-09,5344.16,2470.6
2024-08-12,5344.39,2513.4
2024-08-13,5434.43,2504.9
2024-08-14,5455.21,2486
2024-08-15,5543.22,2494.5
2024-08-16,5554.25,2546.2
2024-08-19,5608.25,2542.6
2024-08-20,5597.12,2552.1
2024-08-21,5620.85,2550.2
2024-08-22,5570.64,2520.6
2024-08-23,5634.61,2548.7
2024-08-26,5616.84,2553.6
2024-08-27,5625.8,2560
2024-08-28,5592.18,2539
2024-08-29,5591.96,2554.6
2024-08-30,5648.4,2536
2024-09-02,,2531.7
2024-09-03,5528.93,2524.8
2024-09-04,5520.07,2526.5
2024-09-05,5503.41,2547.1
2024-09-06,5408.42,2526.8
2024-09-09,5471.05,2535.5
2024-09-10,5495.52,2545.7
2024-09-11,5554.13,2540.2
2024-09-12,5595.76,2587.2
2024-09-13,5626.02,2606.2
2024-09-16,5633.09,2610
2024-09-17,5634.58,2596.4
2024-09-18,5618.26,2584.8
2024-09-19,5713.64,2611.7
2024-09-20,5702.55,2647.1
2024-09-23,5718.57,2653.4
2024-09-24,5732.93,2682.1
2024-09-25,5722.26,2681.3
2024-09-26,5745.37,2695.1
2024-09-27,5738.17,2680.8
2024-09-30,5762.48,2656.4
2024-10-01,5708.75,2684.8
2024-10-02,5709.54,2680.2
2024-10-03,5699.94,2675.9
2024-10-04,5751.07,2673.2
2024-10-07,5695.94,2661.9
2024-10-08,5751.13,2640.6
2024-10-09,5792.04,2626.1
2024-10-10,5780.05,2647.3
2024-10-11,5815.03,2674.2
2024-10-14,5859.85,2665.8
2024-10-15,5815.26,2679.4
2024-10-16,5842.47,2690.4
2024-10-17,5841.47,2708.3
2024-10-18,5864.67,2736.4
2024-10-21,5853.98,2734.5
2024-10-22,5851.2,2763.1
2024-10-23,5797.42,2729
2024-10-24,5809.86,2748.8
2024-10-25,5808.12,2760.8
2024-10-28,5823.52,2754.7
2024-10-29,5832.92,2787.4
2024-10-30,5813.67,2799.1
2024-10-31,5705.45,2754.1
2024-11-01,5728.8,2745.9
2024-11-04,5712.69,2745.8
2024-11-05,5782.76,2753.4
2024-11-06,5929.04,2668
2024-11-07,5973.1,2714
2024-11-08,5995.54,2691.7
2024-11-11,6001.35,2626.1
2024-11-12,5983.99,2604.7
2024-11-13,5985.38,2578.4
2024-11-14,5949.17,2570.6
2024-11-15,5870.62,2567.4
2024-11-18,5893.62,2616.1
2024-11-19,5916.98,2635.7
2024-11-20,5917.11,2654.1
2024-11-21,5948.71,2672.2
2024-11-22,5969.34,2718.2
2024-11-25,5987.37,2626.4
2024-11-26,6021.63,2633.8
2024-11-27,5998.74,2636.4
2024-11-28,,2661.5
2024-11-29,6032.38,2673.9
2024-12-02,6047.15,2661.8
2024-12-03,6049.88,2666
2024-12-04,6086.49,2674.3
2024-12-05,6075.11,2655
2024-12-06,6090.27,2654.9
2024-12-09,6052.85,2683
2024-12-10,6034.91,2721.5
2024-12-11,6084.2,2753.8
2024-12-12,6051.25,2705.2
2024-12-13,6051.09,2665.9
2024-12-16,6074.08,2670.2
2024-12-17,6050.61,2663.5
2024-12-18,5872.16,2599.6
2024-12-19,5867.08,2610
2024-12-20,5930.85,2640.5
2024-12-23,5974.07,2629.3
2024-12-24,6040.04,2633.5
2024-12-25,,2633.5
2024-12-26,6037.59,2653.3
2024-12-27,5970.84,2636.5
2024-12-30,5906.94,2620
2024-12-31,5881.63,2639.3
2025-01-01,,2639.3
2025-01-02,5868.55,2671.2
2025-01-03,5942.47,2652.7
2025-01-06,5975.38,2647
2025-01-07,5909.03,2663.1
2025-01-08,5918.25,2680.1
2025-01-09,,2692.6
2025-01-10,5827.04,2717.4
2025-01-13,5836.22,2681.2
2025-01-14,5842.91,2693.1
2025-01-15,5949.91,2722.6
2025-01-16,5937.34,2746.9
2025-01-17,5996.66,2740
2025-01-20,,2731.8
2025-01-21,6049.24,2758.7
2025-01-22,6086.37,2766.3
2025-01-23,6118.71,2762.1
2025-01-24,6101.24,2777.4
2025-01-27,6012.28,2743.1
2025-01-28,6067.71,2771.5
2025-01-29,6039.31,2772.7
2025-01-30,6071.18,2851.9
2025-01-31,6040.53,2831.5
2025-02-03,5994.57,2850.7
2025-02-04,6037.88,2874.2
2025-02-05,6061.47,2884.8
2025-02-06,6083.57,2880.1
2025-02-07,6025.99,2886.1
2025-02-10,6066.44,2936.8
2025-02-11,6068.5,2926.5
2025-02-12,6051.97,2929
2025-02-13,6115.07,2957.2
2025-02-14,6114.63,2893.7
2025-02-17,,2911.2
2025-02-18,6129.58,2954.4
2025-02-19,6144.15,2949.6
2025-02-20,6117.52,2955.6
2025-02-21,6013.13,2949.6
2025-02-24,5983.25,2968.9
2025-02-25,5955.25,2928.6
2025-02-26,5956.06,2931.7
2025-02-27,5861.57,2887.8
2025-02-28,5954.5,2867.3
2025-03-03,5849.72,2904.1
2025-03-04,5778.15,2928.2
2025-03-05,5842.63,2929
2025-03-06,5738.52,2919.8
2025-03-07,5770.2,2917.7
2025-03-10,5614.56,2893.3
2025-03-11,5572.07,2922.8
2025-03-12,5599.3,2943.4
2025-03-13,5521.52,3001.3
2025-03-14,5638.94,2993.6
2025-03-17,5675.12,3010.1
2025-03-18,5614.66,3041.7
2025-03-19,5675.29,3057.5
2025-03-20,5662.89,3052.8
2025-03-21,5667.56,3028.2
2025-03-24,5767.57,3017.6
2025-03-25,5776.65,3026.2
2025-03-26,5712.2,3026.6
2025-03-27,5693.31,3069.1
2025-03-28,5580.94,3118
2025-03-31,5611.85,3157.4
2025-04-01,5633.07,3148.5
2025-04-02,5670.97,3190.3
2025-04-03,5396.52,3138.1
2025-04-04,5074.08,3056.1
2025-04-07,5062.25,2998.8
2025-04-08,4982.77,2998.3
2025-04-09,5456.9,3099.8
2025-04-10,5268.05,3194.2
2025-04-11,5363.36,3254.9
2025-04-14,5405.97,3226.8
2025-04-15,5396.63,3246.9
2025-04-16,5275.7,3357.7
2025-04-17,5282.7,3341.3
2025-04-21,5158.2,3435.1
2025-04-22,5287.76,3392
2025-04-23,5375.86,3301.5
2025-04-24,5484.77,3361.3
2025-04-25,5525.21,3330.2
2025-04-28,5528.75,3354.8
2025-04-29,5560.83,3327.6
2025-04-30,5569.06,3299.2
2025-05-01,5604.14,3248.3
2025-05-02,5686.67,3247.4
2025-05-05,5650.38,3343.5
2025-05-06,5606.91,3441.8
2025-05-07,5631.28,3372.6
2025-05-08,5663.94,3310.4
2025-05-09,5659.91,3329.1
2025-05-12,5844.19,3241.8
2025-05-13,5886.55,3254.5
2025-05-14,5892.58,3180.7
2025-05-15,5916.93,3243.9
2025-05-16,5958.38,3205.3
2025-05-19,5963.6,3232.2
2025-05-20,5940.46,3292.6
2025-05-21,5844.61,3316.6
2025-05-22,5842.01,3295.1
2025-05-23,5802.82,3357.7
2025-05-26,,3342.2
2025-05-27,5921.54,3327.4
2025-05-28,5888.55,3312.4
2025-05-29,5912.17,3342.6
2025-05-30,5911.69,3313.1
2025-06-02,5935.94,3406.4
2025-06-03,5970.37,3376.9
2025-06-04,5970.81,3397.4
2025-06-05,5939.3,3376.1
2025-06-06,6000.36,3331
2025-06-09,6005.88,3346.7
2025-06-10,6038.81,3344.8
2025-06-11,6022.24,3376
2025-06-12,6045.26,3406.4
2025-06-13,5976.97,3452.6
2025-06-16,6033.11,3404.3
2025-06-17,5982.72,3406.5
2025-06-18,5980.87,3386.4
2025-06-19,,3387.4
2025-06-20,5967.84,3384.4
2025-06-23,6025.17,3384.4
2025-06-24,6092.18,3338.5
2025-06-25,6092.16,3346.4
2025-06-26,6141.02,3341.6
2025-06-27,6173.07,3286.1
2025-06-30,6204.95,3315
2025-07-01,6198.01,3349.9
2025-07-02,6227.42,3368.7
2025-07-03,6279.35,3336
2025-07-04,,3346.5
2025-07-07,6229.98,3346.4
2025-07-08,6225.52,3311
2025-07-09,6263.26,3322.5
2025-07-10,6280.46,3333
2025-07-11,6259.75,3370.3
2025-07-14,6268.56,3352.1
2025-07-15,6243.76,3330.5
2025-07-16,6263.7,3354.2
2025-07-17,6297.36,3345.4
2025-07-18,6296.79,3355.5
2025-07-21,6305.6,3410.3
2025-07-22,6309.62,3444
2025-07-23,6358.91,3397.5
2025-07-24,6363.35,3371.3
2025-07-25,6388.64,3338.5
2025-07-28,6389.77,3314
2025-07-29,6370.86,3325.3
2025-07-30,6362.9,3327.9
2025-07-31,6339.39,3342.3
2025-08-01,6238.01,3416
2025-08-04,6329.94,3428.6
2025-08-05,6299.19,3435
2025-08-06,6345.06,3431.8
2025-08-07,6340,3482.7
2025-08-08,6389.45,3458.2
2025-08-11,6373.45,3393.7
2025-08-12,6445.76,3399.6
2025-08-13,6466.58,3407
2025-08-14,6468.54,3382.3
2025-08-15,6449.8,3381.7
2025-08-18,6449.15,3378
2025-08-19,6411.37,3358.9
2025-08-20,6395.78,3392.2
2025-08-21,6370.17,3383.5
2025-08-22,6466.91,3417.2
2025-08-25,6439.32,3410.7
2025-08-26,6465.94,3443.2
2025-08-27,6481.4,3451.8
2025-08-28,6501.86,3476.9
2025-08-29,6460.26,3516.1
2025-09-01,,3545.8
2025-09-02,6415.54,3599.5
2025-09-03,6448.26,3619.7
2025-09-04,6502.08,3602.4
2025-09-05,6481.5,3639.8
2025-09-08,6495.15,3677.6
2025-09-09,6512.61,3663.8
2025-09-10,6532.04,3680.4
2025-09-11,6587.47,3673.4
2025-09-12,6584.29,3680.7
2025-09-15,6615.28,3719.5
2025-09-16,6606.76,3727.5
2025-09-17,6600.35,3694.6
2025-09-18,6631.96,3678.2
2025-09-19,6664.36,3719.4
2025-09-22,6693.75,3781.2
2025-09-23,6656.92,3796.9
2025-09-24,6637.97,3768.5
2025-09-25,6604.72,3780.5
2025-09-26,6643.7,3789.8
2025-09-29,6661.21,3862.9
2025-09-30,6688.46,3887.6
2025-10-01,6711.2,3892.6
2025-10-02,6715.35,3880.8
2025-10-03,6715.79,3912.1
2025-10-06,6740.28,3984.4
2025-10-07,6714.59,4007.9
2025-10-08,6753.72,4060.6
2025-10-09,6735.11,3991.1
2025-10-10,6552.51,4035.5
2025-10-13,6654.72,4130
2025-10-14,6644.31,4159.6
2025-10-15,6671.06,4224.9
2025-10-16,6629.07,4344.3
2025-10-17,6664.01,4267.9
2025-10-20,6735.13,4374.3
2025-10-21,6735.35,4138.5
2025-10-22,6699.4,4116.6
2025-10-23,6738.44,4143.2
2025-10-24,6791.69,4126.9
2025-10-27,6875.16,3997
2025-10-28,6890.89,3968.1
2025-10-29,6890.59,3941.7
2025-10-30,6822.34,4038.3
2025-10-31,6840.2,4013.4
2025-11-03,6851.97,4013.7
2025-11-04,6771.55,3941.3
2025-11-05,6796.29,3990.4
2025-11-06,6720.32,3984.8
2025-11-07,6728.8,4007.8
2025-11-10,6832.43,4123.4
2025-11-11,6846.61,4133.2
2025-11-12,6850.92,4201.4
2025-11-13,6737.49,4174.5
2025-11-14,6734.11,4084.4
2025-11-17,6672.41,4045.1
2025-11-18,6617.32,4067.4
2025-11-19,6642.16,4078.3
2025-11-20,6538.76,4076.7
2025-11-21,6602.99,4062.8
2025-11-24,6705.12,4133.8
2025-11-25,6765.88,4126.3
2025-11-26,6812.61,4196.1
2025-11-27,,4189.6
2025-11-28,6849.09,4256.4
