date,GOVT.A
2015-11-09,19.95057783
2015-11-10,19.9745281
2015-11-11,19.93461098
2015-11-12,19.98251152
2015-11-13,20.03041207
2015-11-16,20.0383955
2015-11-17,20.04637892
2015-11-18,20.0383955
2015-11-19,20.07032919
2015-11-20,20.04637892
2015-11-23,20.06234577
2015-11-24,20.07831262
2015-11-25,20.07831262
2015-11-27,20.09427947
2015-11-30,20.10226289
2015-12-01,20.17945211
2015-12-02,20.17145074
2015-12-03,20.03542748
2015-12-04,20.05943158
2015-12-07,20.10743979
2015-12-08,20.1314439
2015-12-09,20.11544116
2015-12-10,20.11544116
2015-12-11,20.22746033
2015-12-14,20.1314439
2015-12-15,20.07543432
2015-12-16,20.05143021
2015-12-17,20.11544116
2015-12-18,20.16344938
2015-12-21,20.16344938
2015-12-22,20.12344253
2015-12-23,20.09143706
2015-12-24,20.1361198
2015-12-28,20.15215813
2015-12-29,20.06394733
2015-12-30,20.07196649
2015-12-31,20.16017729
2016-01-04,20.14413896
2016-01-05,20.12810064
2016-01-06,20.20027311
2016-01-07,20.24036893
2016-01-08,20.26442642
2016-01-11,20.23234976
2016-01-12,20.28848391
2016-01-13,20.35263722
2016-01-14,20.32056056
2016-01-15,20.38471387
2016-01-19,20.37669471
2016-01-20,20.43282885
2016-01-21,20.41679053
2016-01-22,20.39273303
2016-01-25,20.42480969
2016-01-26,20.43282885
2016-01-27,20.42480969
2016-01-28,20.44886718
2016-01-29,20.488963
2016-02-01,20.48926041
2016-02-02,20.62590907
2016-02-03,20.60983275
2016-02-04,20.64198538
2016-02-05,20.65002353
2016-02-08,20.75451957
2016-02-09,20.76255772
2016-02-10,20.81078666
2016-02-11,20.86705375
2016-02-12,20.76255772
2016-02-16,20.70629063
2016-02-17,20.674138
2016-02-18,20.74648141
2016-02-19,20.73844325
2016-02-22,20.72236694
2016-02-23,20.75451957
2016-02-24,20.73844325
2016-02-25,20.77863404
2016-02-26,20.70629063
2016-02-29,20.74648141
2016-03-01,20.64796807
2016-03-02,20.6399119
2016-03-03,20.6399119
2016-03-04,20.61574338
2016-03-07,20.57546252
2016-03-08,20.67213658
2016-03-09,20.61574338
2016-03-10,20.57546252
2016-03-11,20.52712549
2016-03-14,20.52712549
2016-03-15,20.53518166
2016-03-16,20.61574338
2016-03-17,20.63185572
2016-03-18,20.66408041
2016-03-21,20.61574338
2016-03-22,20.59157487
2016-03-23,20.67213658
2016-03-24,20.65602424
2016-03-28,20.65602424
2016-03-29,20.76075447
2016-03-30,20.72852978
2016-03-31,20.78492299
2016-04-01,20.80966696
2016-04-04,20.81774211
2016-04-05,20.89849363
2016-04-06,20.86619303
2016-04-07,20.92271909
2016-04-08,20.90656879
2016-04-11,20.89041848
2016-04-12,20.85004272
2016-04-13,20.83389242
2016-04-14,20.81774211
2016-04-15,20.85811787
2016-04-18,20.83389242
2016-04-19,20.82581727
2016-04-20,20.76121605
2016-04-21,20.70468998
2016-04-22,20.71276514
2016-04-25,20.68046453
2016-04-26,20.65623907
2016-04-27,20.72891544
2016-04-28,20.77736635
2016-04-29,20.76121605
2016-05-02,20.75305728
2016-05-03,20.83399744
2016-05-04,20.87446752
2016-05-05,20.89874957
2016-05-06,20.85827949
2016-05-09,20.90684359
2016-05-10,20.90684359
2016-05-11,20.92303162
2016-05-12,20.89065555
2016-05-13,20.94731367
2016-05-16,20.89065555
2016-05-17,20.87446752
2016-05-18,20.7611513
2016-05-19,20.78543334
2016-05-20,20.80162138
2016-05-23,20.79352736
2016-05-24,20.7611513
2016-05-25,20.74496326
2016-05-26,20.80162138
2016-05-27,20.77733933
2016-05-31,20.80162138
2016-06-01,20.82075751
2016-06-02,20.87755614
2016-06-03,21.0073816
2016-06-06,20.96681114
2016-06-07,20.98303933
2016-06-08,21.0073816
2016-06-09,21.03172387
2016-06-10,21.08852251
2016-06-13,21.12097887
2016-06-14,21.11286478
2016-06-15,21.15343524
2016-06-16,21.16966342
2016-06-17,21.14532115
2016-06-20,21.07229433
2016-06-21,21.03983796
2016-06-22,21.06418024
2016-06-23,20.99115342
2016-06-24,21.1858916
2016-06-27,21.32383115
2016-06-28,21.31571706
2016-06-29,21.2751466
2016-06-30,21.29137478
2016-07-01,21.38857652
2016-07-05,21.47803444
2016-07-06,21.47803444
2016-07-07,21.45363683
2016-07-08,21.49429952
2016-07-11,21.42923921
2016-07-12,21.33164875
2016-07-13,21.38044398
2016-07-14,21.30725113
2016-07-15,21.25032336
2016-07-18,21.25032336
2016-07-19,21.28285352
2016-07-20,21.23405828
2016-07-21,21.27472098
2016-07-22,21.2584559
2016-07-25,21.2584559
2016-07-26,21.26658844
2016-07-27,21.33164875
2016-07-28,21.33164875
2016-07-29,21.41297413
2016-08-01,21.36391306
2016-08-02,21.32315779
2016-08-03,21.3394599
2016-08-04,21.38021517
2016-08-05,21.28240252
2016-08-08,21.28240252
2016-08-09,21.3394599
2016-08-10,21.38021517
2016-08-11,21.30685568
2016-08-12,21.3394599
2016-08-15,21.31500673
2016-08-16,21.29055357
2016-08-17,21.32315779
2016-08-18,21.34761095
2016-08-19,21.29055357
2016-08-22,21.3394599
2016-08-23,21.3394599
2016-08-24,21.32315779
2016-08-25,21.29870462
2016-08-26,21.2497983
2016-08-29,21.31500673
2016-08-30,21.30685568
2016-08-31,21.28240252
2016-09-01,21.3381685
2016-09-02,21.29732208
2016-09-06,21.35450707
2016-09-07,21.34633779
2016-09-08,21.28098352
2016-09-09,21.20745997
2016-09-12,21.20745997
2016-09-13,21.15844427
2016-09-14,21.15844427
2016-09-15,21.17478283
2016-09-16,21.18295212
2016-09-19,21.16661355
2016-09-20,21.19929068
2016-09-21,21.23196782
2016-09-22,21.25647567
2016-09-23,21.28098352
2016-09-26,21.30549137
2016-09-27,21.3381685
2016-09-28,21.34633779
2016-09-29,21.34633779
2016-09-30,21.30549137
2016-10-03,21.30267262
2016-10-04,21.23717631
2016-10-05,21.20442816
2016-10-06,21.1471189
2016-10-07,21.17986705
2016-10-10,21.13893186
2016-10-11,21.12255778
2016-10-12,21.11437074
2016-10-13,21.16349297
2016-10-14,21.09799667
2016-10-17,21.13893186
2016-10-18,21.16349297
2016-10-19,21.16349297
2016-10-20,21.17168001
2016-10-21,21.17168001
2016-10-24,21.13074482
2016-10-25,21.13893186
2016-10-26,21.13074482
2016-10-27,21.06524852
2016-10-28,21.05706148
2016-10-31,21.09799667
2016-11-01,21.12101311
2016-11-02,21.16204072
2016-11-03,21.11280759
2016-11-04,21.17024624
2016-11-07,21.11280759
2016-11-08,21.06357446
2016-11-09,20.84202537
2016-11-10,20.75176463
2016-11-11,20.71073702
2016-11-14,20.65329837
2016-11-15,20.65329837
2016-11-16,20.67791494
2016-11-17,20.62047628
2016-11-18,20.56303763
2016-11-21,20.56303763
2016-11-22,20.57944867
2016-11-23,20.53842107
2016-11-25,20.53842107
2016-11-28,20.5876542
2016-11-29,20.60406524
2016-11-30,20.50559898
2016-12-01,20.46942997
2016-12-02,20.53522163
2016-12-05,20.54344559
2016-12-06,20.53522163
2016-12-07,20.58456537
2016-12-08,20.53522163
2016-12-09,20.45298205
2016-12-12,20.48587788
2016-12-13,20.48587788
2016-12-14,20.37074248
2016-12-15,20.33784665
2016-12-16,20.35429457
2016-12-19,20.42008622
2016-12-20,20.40363831
2016-12-21,20.42831018
2016-12-22,20.44282868
2016-12-23,20.44282868
2016-12-27,20.40986967
2016-12-28,20.48402745
2016-12-29,20.50874671
2016-12-30,20.54170572
2017-01-03,20.54170572
2017-01-04,20.55818523
2017-01-05,20.66530203
2017-01-06,20.599384
2017-01-09,20.64882252
2017-01-10,20.63234301
2017-01-11,20.65706228
2017-01-12,20.66530203
2017-01-13,20.62410326
2017-01-17,20.71474055
2017-01-18,20.60762375
2017-01-19,20.56642499
2017-01-20,20.57466474
2017-01-23,20.64058277
2017-01-24,20.59114425
2017-01-25,20.53346597
2017-01-26,20.54994548
2017-01-27,20.56642499
2017-01-30,20.56642499
2017-01-31,20.60762375
2017-02-01,20.59961496
2017-02-02,20.59961496
2017-02-03,20.59961496
2017-02-06,20.67392218
2017-02-07,20.6904349
2017-02-08,20.76474213
2017-02-09,20.6904349
2017-02-10,20.68217854
2017-02-13,20.64915311
2017-02-14,20.59961496
2017-02-15,20.55833316
2017-02-16,20.60787132
2017-02-17,20.65740947
2017-02-21,20.65740947
2017-02-22,20.66566583
2017-02-23,20.69869126
2017-02-24,20.77299849
2017-02-27,20.70694762
2017-02-28,20.70694762
2017-03-01,20.61224382
2017-03-02,20.59569445
2017-03-03,20.60396914
2017-03-06,20.59569445
2017-03-07,20.5625957
2017-03-08,20.52122227
2017-03-09,20.46329947
2017-03-10,20.5046729
2017-03-13,20.46329947
2017-03-14,20.5046729
2017-03-15,20.58741976
2017-03-16,20.57087039
2017-03-17,20.59569445
2017-03-20,20.63706788
2017-03-21,20.686716
2017-03-22,20.71981475
2017-03-23,20.71154006
2017-03-24,20.71154006
2017-03-27,20.7446388
2017-03-28,20.71154006
2017-03-29,20.7446388
2017-03-30,20.69499069
2017-03-31,20.72808943
2017-04-03,20.81947963
2017-04-04,20.80289041
2017-04-05,20.82777425
2017-04-06,20.82777425
2017-04-07,20.78630118
2017-04-10,20.81118502
2017-04-11,20.87754193
2017-04-12,20.91901499
2017-04-13,20.96878268
2017-04-17,20.93560422
2017-04-18,21.03513958
2017-04-19,20.99366652
2017-04-20,20.96048806
2017-04-21,20.96048806
2017-04-24,20.91901499
2017-04-25,20.85265809
2017-04-26,20.88583654
2017-04-27,20.90242577
2017-04-28,20.90242577
2017-05-01,20.87169536
2017-05-02,20.90491732
2017-05-03,20.88000085
2017-05-04,20.8467789
2017-05-05,20.85093164
2017-05-08,20.82186243
2017-05-09,20.78864047
2017-05-10,20.79694596
2017-05-11,20.81355694
2017-05-12,20.87169536
2017-05-15,20.85508439
2017-05-16,20.88830634
2017-05-17,21.0045832
2017-05-18,20.99627771
2017-05-19,20.98797222
2017-05-22,20.97136124
2017-05-23,20.9215283
2017-05-24,20.96305575
2017-05-25,20.97136124
2017-05-26,20.98797222
2017-05-30,21.02119418
2017-05-31,21.02949967
2017-06-01,21.03271832
2017-06-02,21.09093463
2017-06-05,21.06598478
2017-06-06,21.11588447
2017-06-07,21.06598478
2017-06-08,21.05766817
2017-06-09,21.04103494
2017-06-12,21.02440171
2017-06-13,21.03271832
2017-06-14,21.12420108
2017-06-15,21.09925124
2017-06-16,21.10756785
2017-06-19,21.0743014
2017-06-20,21.12420108
2017-06-21,21.1325177
2017-06-22,21.1325177
2017-06-23,21.14083431
2017-06-26,21.16578416
2017-06-27,21.09093463
2017-06-28,21.09925124
2017-06-29,21.04935155
2017-06-30,21.00776848
2017-07-03,20.96903655
2017-07-05,20.96903655
2017-07-06,20.94405358
2017-07-07,20.91907062
2017-07-10,20.94405358
2017-07-11,20.95238124
2017-07-12,20.99818334
2017-07-13,20.97320038
2017-07-14,20.98985569
2017-07-17,21.006511
2017-07-18,21.06064076
2017-07-19,21.06896842
2017-07-20,21.07313224
2017-07-21,21.10644286
2017-07-24,21.07729607
2017-07-25,20.99818334
2017-07-26,21.04398545
2017-07-27,21.01483865
2017-07-28,21.04398545
2017-07-31,21.04814928
2017-08-01,21.08956114
2017-08-02,21.08539159
2017-08-03,21.13959569
2017-08-04,21.09790023
2017-08-07,21.09790023
2017-08-08,21.09790023
2017-08-09,21.09790023
2017-08-10,21.09790023
2017-08-11,21.09790023
2017-08-14,21.09790023
2017-08-15,21.09790023
2017-08-16,21.09790023
2017-08-17,21.09790023
2017-08-18,21.09790023
2017-08-21,21.09790023
2017-08-22,21.09790023
2017-08-23,21.09790023
2017-08-24,21.09790023
2017-08-25,21.09790023
2017-08-28,21.09790023
2017-08-29,21.09790023
2017-08-30,21.09790023
2017-08-31,21.09790023
2017-09-01,21.12714425
2017-09-05,21.12714425
2017-09-06,21.12714425
2017-09-07,21.12714425
2017-09-08,21.12714425
2017-09-11,21.12714425
2017-09-12,21.12714425
2017-09-13,21.12714425
2017-09-14,21.12714425
2017-09-15,21.12714425
2017-09-18,21.12714425
2017-09-19,21.12714425
2017-09-20,21.12714425
2017-09-21,21.12714425
2017-09-22,21.12714425
2017-09-25,21.12714425
2017-09-26,21.12714425
2017-09-27,21.12714425
2017-09-28,21.12714425
2017-09-29,21.12714425
2017-10-02,21.1558175
2017-10-03,21.1558175
2017-10-04,21.1558175
2017-10-05,21.1558175
2017-10-06,21.1558175
2017-10-09,21.1558175
2017-10-10,21.1558175
2017-10-11,21.1558175
2017-10-12,21.1558175
2017-10-13,21.1558175
2017-10-16,21.1558175
2017-10-17,21.1558175
2017-10-18,21.1558175
2017-10-19,21.1558175
2017-10-20,21.1558175
2017-10-23,21.1558175
2017-10-24,21.1558175
2017-10-25,21.1558175
2017-10-26,21.1558175
2017-10-27,21.1558175
2017-10-30,21.1558175
2017-10-31,21.1558175
2017-11-01,21.18589641
2017-11-02,21.18589641
2017-11-03,21.18589641
2017-11-06,21.18589641
2017-11-07,21.18589641
2017-11-08,21.18589641
2017-11-09,21.18589641
2017-11-10,21.18589641
2017-11-13,21.18589641
2017-11-14,21.18589641
2017-11-15,21.18589641
2017-11-16,21.18589641
2017-11-17,21.18589641
2017-11-20,21.18589641
2017-11-21,21.18589641
2017-11-22,21.18589641
2017-11-24,21.18589641
2017-11-27,21.18589641
2017-11-28,21.18589641
2017-11-29,21.18589641
2017-11-30,21.18589641
2017-12-01,21.21545542
2017-12-04,21.21545542
2017-12-05,21.21545542
2017-12-06,21.21545542
2017-12-07,21.21545542
2017-12-08,21.21545542
2017-12-11,21.21545542
2017-12-12,21.21545542
2017-12-13,21.21545542
2017-12-14,21.21545542
2017-12-15,21.21545542
2017-12-18,21.21545542
2017-12-19,21.21545542
2017-12-20,21.21545542
2017-12-21,21.24594723
2017-12-22,21.24594723
2017-12-26,21.24594723
2017-12-27,21.24594723
2017-12-28,21.24594723
2017-12-29,21.24594723
2018-01-02,21.24594723
2018-01-03,21.24594723
2018-01-04,21.24594723
2018-01-05,21.24594723
2018-01-08,21.24594723
2018-01-09,21.24594723
2018-01-10,21.24594723
2018-01-11,21.24594723
2018-01-12,21.24594723
2018-01-16,21.24594723
2018-01-17,21.24594723
2018-01-18,21.24594723
2018-01-19,21.24594723
2018-01-22,21.24594723
2018-01-23,21.24594723
2018-01-24,21.24594723
2018-01-25,21.24594723
2018-01-26,21.24594723
2018-01-29,21.24594723
2018-01-30,21.24594723
2018-01-31,21.24594723
2018-02-01,21.27664271
2018-02-02,21.27664271
2018-02-05,21.27664271
2018-02-06,21.27664271
2018-02-07,21.27664271
2018-02-08,21.27664271
2018-02-09,21.27664271
2018-02-12,21.27664271
2018-02-13,21.27664271
2018-02-14,21.27664271
2018-02-15,21.27664271
2018-02-16,21.27664271
2018-02-20,21.27664271
2018-02-21,21.27664271
2018-02-22,21.27664271
2018-02-23,21.27664271
2018-02-26,21.27664271
2018-02-27,21.27664271
2018-02-28,21.27664271
2018-03-01,21.30619361
2018-03-02,21.30619361
2018-03-05,21.30619361
2018-03-06,21.30619361
2018-03-07,21.30619361
2018-03-08,21.30619361
2018-03-09,21.30619361
2018-03-12,21.30619361
2018-03-13,21.30619361
2018-03-14,21.30619361
2018-03-15,21.30619361
2018-03-16,21.30619361
2018-03-19,21.30619361
2018-03-20,21.30619361
2018-03-21,21.30619361
2018-03-22,21.30619361
2018-03-23,21.30619361
2018-03-26,21.30619361
2018-03-27,21.30619361
2018-03-28,21.30619361
2018-03-29,21.30619361
2018-04-02,21.33856395
2018-04-03,21.33856395
2018-04-04,21.33856395
2018-04-05,21.33856395
2018-04-06,21.33856395
2018-04-09,21.33856395
2018-04-10,21.33856395
2018-04-11,21.33856395
2018-04-12,21.33856395
2018-04-13,21.33856395
2018-04-16,21.33856395
2018-04-17,21.33856395
2018-04-18,21.33856395
2018-04-19,21.33856395
2018-04-20,21.33856395
2018-04-23,21.33856395
2018-04-24,21.33856395
2018-04-25,21.33856395
2018-04-26,21.33856395
2018-04-27,21.33856395
2018-04-30,21.33856395
2018-05-01,21.37124598
2018-05-02,21.37124598
2018-05-03,21.37124598
2018-05-04,21.37124598
2018-05-07,21.37124598
2018-05-08,21.37124598
2018-05-09,21.37124598
2018-05-10,21.37124598
2018-05-11,21.37124598
2018-05-14,21.37124598
2018-05-15,21.37124598
2018-05-16,21.37124598
2018-05-17,21.37124598
2018-05-18,21.37124598
2018-05-21,21.37124598
2018-05-22,21.37124598
2018-05-23,21.37124598
2018-05-24,21.37124598
2018-05-25,21.37124598
2018-05-28,
2018-05-29,21.37124598
2018-05-30,21.37124598
2018-05-31,21.37124598
2018-06-01,21.4072236
2018-06-04,21.4072236
2018-06-05,21.4072236
2018-06-06,21.4072236
2018-06-07,21.4072236
2018-06-08,21.4072236
2018-06-11,21.4072236
2018-06-12,21.4072236
2018-06-13,21.4072236
2018-06-14,21.4072236
2018-06-15,21.4072236
2018-06-18,21.4072236
2018-06-19,21.4072236
2018-06-20,21.4072236
2018-06-21,21.4072236
2018-06-22,21.4072236
2018-06-25,21.4072236
2018-06-26,21.4072236
2018-06-27,21.4072236
2018-06-28,21.4072236
2018-06-29,21.4072236
2018-07-02,21.44063882
2018-07-03,21.44063882
2018-07-05,21.44063882
2018-07-06,21.44063882
2018-07-09,21.44063882
2018-07-10,21.44063882
2018-07-11,21.44063882
2018-07-12,21.44063882
2018-07-13,21.44063882
2018-07-16,21.44063882
2018-07-17,21.44063882
2018-07-18,21.44063882
2018-07-19,21.44063882
2018-07-20,21.44063882
2018-07-23,21.44063882
2018-07-24,21.44063882
2018-07-25,21.44063882
2018-07-26,21.44063882
2018-07-27,21.44063882
2018-07-30,21.44063882
2018-07-31,21.44063882
2018-08-01,21.47680138
2018-08-02,21.47680138
2018-08-03,21.47680138
2018-08-06,21.47680138
2018-08-07,21.47680138
2018-08-08,21.47680138
2018-08-09,21.47680138
2018-08-10,21.47680138
2018-08-13,21.47680138
2018-08-14,21.47680138
2018-08-15,21.47680138
2018-08-16,21.47680138
2018-08-17,21.47680138
2018-08-20,21.47680138
2018-08-21,21.47680138
2018-08-22,21.47680138
2018-08-23,21.47680138
2018-08-24,21.47680138
2018-08-27,21.47680138
2018-08-28,21.47680138
2018-08-29,21.47680138
2018-08-30,21.47680138
2018-08-31,21.47680138
2018-09-03,
2018-09-04,21.51370624
2018-09-05,21.51370624
2018-09-06,21.51370624
2018-09-07,21.51370624
2018-09-10,21.51370624
2018-09-11,21.51370624
2018-09-12,21.51370624
2018-09-13,21.51370624
2018-09-14,21.51370624
2018-09-17,21.51370624
2018-09-18,21.51370624
2018-09-19,21.51370624
2018-09-20,21.51370624
2018-09-21,21.51370624
2018-09-24,21.51370624
2018-09-25,21.51370624
2018-09-26,21.51370624
2018-09-27,21.51370624
2018-09-28,21.51370624
2018-10-01,21.54895116
2018-10-02,21.54895116
2018-10-03,21.54895116
2018-10-04,21.54895116
2018-10-05,21.54895116
2018-10-08,21.54895116
2018-10-09,21.54895116
2018-10-10,21.54895116
2018-10-11,21.54895116
2018-10-12,21.54895116
2018-10-15,21.54895116
2018-10-16,21.54895116
2018-10-17,21.54895116
2018-10-18,21.54895116
2018-10-19,21.54895116
2018-10-22,21.54895116
2018-10-23,21.54895116
2018-10-24,21.54895116
2018-10-25,21.54895116
2018-10-26,21.54895116
2018-10-29,21.54895116
2018-10-30,21.54895116
2018-10-31,21.54895116
2018-11-01,21.58659554
2018-11-02,21.58659554
2018-11-05,21.58659554
2018-11-06,21.58659554
2018-11-07,21.58659554
2018-11-08,21.58659554
2018-11-09,21.58659554
2018-11-12,21.58659554
2018-11-13,21.58659554
2018-11-14,21.58659554
2018-11-15,21.58659554
2018-11-16,21.58659554
2018-11-19,21.58659554
2018-11-20,21.58659554
2018-11-21,21.58659554
2018-11-22,
2018-11-23,21.58659554
2018-11-26,21.58659554
2018-11-27,21.58659554
2018-11-28,21.58659554
2018-11-29,21.58659554
2018-11-30,21.58659554
2018-12-03,21.62406585
2018-12-04,21.62406585
2018-12-05,
2018-12-06,21.62406585
2018-12-07,21.62406585
2018-12-10,21.62406585
2018-12-11,21.62406585
2018-12-12,21.62406585
2018-12-13,21.62406585
2018-12-14,21.62406585
2018-12-17,21.62406585
2018-12-18,21.65826538
2018-12-19,21.65826538
2018-12-20,21.65826538
2018-12-21,21.65826538
2018-12-24,21.65826538
2018-12-26,21.65826538
2018-12-27,21.65826538
2018-12-28,21.65826538
2018-12-31,21.65826538
2019-01-02,21.65826538
2019-01-03,21.65826538
2019-01-04,21.65826538
2019-01-07,21.65826538
2019-01-08,21.65826538
2019-01-09,21.65826538
2019-01-10,21.65826538
2019-01-11,21.65826538
2019-01-14,21.65826538
2019-01-15,21.65826538
2019-01-16,21.65826538
2019-01-17,21.65826538
2019-01-18,21.65826538
2019-01-21,
2019-01-22,21.65826538
2019-01-23,21.65826538
2019-01-24,21.65826538
2019-01-25,21.65826538
2019-01-28,21.65826538
2019-01-29,21.65826538
2019-01-30,21.65826538
2019-01-31,21.65826538
2019-02-01,21.69773287
2019-02-04,21.69773287
2019-02-05,21.69773287
2019-02-06,21.69773287
2019-02-07,21.69773287
2019-02-08,21.69773287
2019-02-11,21.69773287
2019-02-12,21.69773287
2019-02-13,21.69773287
2019-02-14,21.69773287
2019-02-15,21.69773287
2019-02-18,
2019-02-19,21.69773287
2019-02-20,21.69773287
2019-02-21,21.69773287
2019-02-22,21.69773287
2019-02-25,21.69773287
2019-02-26,21.69773287
2019-02-27,21.69773287
2019-02-28,21.69773287
2019-03-01,21.73365786
2019-03-04,21.73365786
2019-03-05,21.73365786
2019-03-06,21.73365786
2019-03-07,21.73365786
2019-03-08,21.73365786
2019-03-11,21.73365786
2019-03-12,21.73365786
2019-03-13,21.73365786
2019-03-14,21.73365786
2019-03-15,21.73365786
2019-03-18,21.73365786
2019-03-19,21.73365786
2019-03-20,21.73365786
2019-03-21,21.73365786
2019-03-22,21.73365786
2019-03-25,21.73365786
2019-03-26,21.73365786
2019-03-27,21.73365786
2019-03-28,21.73365786
2019-03-29,21.73365786
2019-04-01,21.77287488
2019-04-02,21.77287488
2019-04-03,21.77287488
2019-04-04,21.77287488
2019-04-05,21.77287488
2019-04-08,21.77287488
2019-04-09,21.77287488
2019-04-10,21.77287488
2019-04-11,21.77287488
2019-04-12,21.77287488
2019-04-15,21.77287488
2019-04-16,21.77287488
2019-04-17,21.77287488
2019-04-18,21.77287488
2019-04-22,21.77287488
2019-04-23,21.77287488
2019-04-24,21.77287488
2019-04-25,21.77287488
2019-04-26,21.77287488
2019-04-29,21.77287488
2019-04-30,21.77287488
2019-05-01,21.81171342
2019-05-02,21.81171342
2019-05-03,21.81171342
2019-05-06,21.81171342
2019-05-07,21.81171342
2019-05-08,21.81171342
2019-05-09,21.81171342
2019-05-10,21.81171342
2019-05-13,21.81171342
2019-05-14,21.81171342
2019-05-15,21.81171342
2019-05-16,21.81171342
2019-05-17,21.81171342
2019-05-20,21.81171342
2019-05-21,21.81171342
2019-05-22,21.81171342
2019-05-23,21.81171342
2019-05-24,21.81171342
2019-05-28,21.81171342
2019-05-29,21.81171342
2019-05-30,21.81171342
2019-05-31,21.81171342
2019-06-03,21.85144327
2019-06-04,21.85144327
2019-06-05,22.10191436
2019-06-06,22.1105513
2019-06-07,22.17964677
2019-06-10,22.1105513
2019-06-11,22.09327743
2019-06-12,22.12782516
2019-06-13,22.1623729
2019-06-14,22.1882837
2019-06-17,22.17964677
2019-06-18,22.20555757
2019-06-19,22.26169764
2019-06-20,22.28328998
2019-06-21,22.21419451
2019-06-24,22.26601611
2019-06-25,22.29192691
2019-06-26,22.23146837
2019-06-27,22.28328998
2019-06-28,22.29624538
2019-07-01,22.2672565
2019-07-02,22.31916152
2019-07-03,22.36241571
2019-07-05,22.2456294
2019-07-08,22.23265315
2019-07-09,22.21535147
2019-07-10,22.22400231
2019-07-11,22.14614477
2019-07-12,22.15479561
2019-07-15,22.19804979
2019-07-16,22.16344644
2019-07-17,22.24130398
2019-07-18,22.27590734
2019-07-19,22.24130398
2019-07-22,22.2672565
2019-07-23,22.22832773
2019-07-24,22.24995482
2019-07-25,22.21535147
2019-07-26,22.22400231
2019-07-29,22.24130398
2019-07-30,22.24130398
2019-07-31,22.29320901
2019-08-01,22.4599081
2019-08-02,22.51189862
2019-08-05,22.65920512
2019-08-06,22.71119565
2019-08-07,22.71986074
2019-08-08,22.71986074
2019-08-09,22.69386547
2019-08-12,22.83683942
2019-08-13,22.78051635
2019-08-14,22.93215539
2019-08-15,23.0318039
2019-08-16,22.99281101
2019-08-19,22.88449741
2019-08-20,22.97548083
2019-08-21,22.91049267
2019-08-22,22.86716723
2019-08-23,22.99714355
2019-08-26,22.9624832
2019-08-27,23.06646426
2019-08-28,23.07512934
2019-08-29,23.04046899
2019-08-30,23.04046899
2019-09-02,
2019-09-03,23.07747616
2019-09-04,23.11219218
2019-09-05,22.96030958
2019-09-06,22.9950256
2019-09-09,22.86050101
2019-09-10,22.72597643
2019-09-11,22.70427891
2019-09-12,22.66088388
2019-09-13,22.50466178
2019-09-16,22.57409383
2019-09-17,22.63484687
2019-09-18,22.65220488
2019-09-19,22.66088388
2019-09-20,22.75635295
2019-09-23,22.77371096
2019-09-24,22.86918002
2019-09-25,22.74767394
2019-09-26,22.79106897
2019-09-27,22.81710599
2019-09-30,22.84748251
2019-10-01,22.90453961
2019-10-02,22.94800174
2019-10-03,23.02623356
2019-10-04,23.08708053
2019-10-07,23.01754114
2019-10-08,23.05231083
2019-10-09,23.00015629
2019-10-10,22.88280855
2019-10-11,22.78284566
2019-10-14,22.80023051
2019-10-15,22.73503733
2019-10-16,22.75242218
2019-10-17,22.73938354
2019-10-18,22.7611146
2019-10-21,22.68722899
2019-10-22,22.73069111
2019-10-23,22.73069111
2019-10-24,22.73503733
2019-10-25,22.68722899
2019-10-28,22.62638201
2019-10-29,22.62638201
2019-10-30,22.72199869
2019-10-31,22.84803885
2019-11-01,22.81411152
2019-11-04,22.71834536
2019-11-05,22.62693221
2019-11-06,22.6835213
2019-11-07,22.54857807
2019-11-08,22.51375401
2019-11-11,22.53116604
2019-11-12,22.55293108
2019-11-13,22.60081416
2019-11-14,22.67916829
2019-11-15,22.67916829
2019-11-18,22.70093333
2019-11-19,22.7401104
2019-11-20,22.81846453
2019-11-21,22.76622844
2019-11-22,22.77058145
2019-11-25,22.79234648
2019-11-26,22.81846453
2019-11-27,22.78364047
2019-11-29,22.77928746
2019-12-02,22.7053728
2019-12-03,22.86232239
2019-12-04,22.7838476
2019-12-05,22.74896991
2019-12-06,22.7053728
2019-12-09,22.71409223
2019-12-10,22.70101309
2019-12-11,22.76640875
2019-12-12,22.64433686
2019-12-13,22.73589078
2019-12-16,22.67049512
2019-12-17,22.6617757
2019-12-18,22.61381888
2019-12-19,22.62663868
2019-12-20,22.63537146
2019-12-23,22.6179059
2019-12-24,22.64410424
2019-12-26,22.67030259
2019-12-27,22.69650094
2019-12-30,22.67903537
2019-12-31,22.65283703
2020-01-02,22.69650094
2020-01-03,22.81002711
2020-01-06,22.77946237
2020-01-07,22.74016485
2020-01-08,22.70523372
2020-01-09,22.72269928
2020-01-10,22.77072959
2020-01-13,22.74889763
2020-01-14,22.79256154
2020-01-15,22.82749267
2020-01-16,22.79256154
2020-01-17,22.7663632
2020-01-21,22.84495824
2020-01-22,22.8624238
2020-01-23,22.91482049
2020-01-24,22.97594997
2020-01-27,23.09820892
2020-01-28,23.03707944
2020-01-29,23.12440727
2020-01-30,23.12440727
2020-01-31,23.22046787
2020-02-03,23.20357044
2020-02-04,23.08987032
2020-02-05,23.01990102
2020-02-06,23.04613951
2020-02-07,23.11610881
2020-02-10,23.15983962
2020-02-11,23.12485497
2020-02-12,23.07237799
2020-02-13,23.08987032
2020-02-14,23.11610881
2020-02-18,23.16858579
2020-02-19,23.15983962
2020-02-20,23.23855509
2020-02-21,23.31727056
2020-02-24,23.45720917
2020-02-25,23.51843231
2020-02-26,23.49219382
2020-02-27,23.58840161
2020-02-28,23.78956336
2020-03-02,23.76102888
2020-03-03,23.97122597
2020-03-04,23.9186767
2020-03-05,24.09384094
2020-03-06,24.48796047
2020-03-09,24.75946504
2020-03-10,24.31279623
2020-03-11,24.19018127
2020-03-12,24.16390663
2020-03-13,24.02377524
2020-03-16,24.40913657
2020-03-17,23.86612743
2020-03-18,23.6252766
2020-03-19,23.66468855
2020-03-20,24.19893948
2020-03-23,24.48796047
2020-03-24,24.36534551
2020-03-25,24.36534551
2020-03-26,24.41789478
2020-03-27,24.64560829
2020-03-30,24.53175153
2020-03-31,24.53175153
2020-04-01,24.64345413
2020-04-02,24.64345413
2020-04-03,24.67853378
2020-04-06,24.61714439
2020-04-07,24.53821518
2020-04-08,24.50313553
2020-04-09,24.50313553
2020-04-13,24.45490101
2020-04-14,24.46805588
2020-04-15,24.65222404
2020-04-16,24.73992316
2020-04-17,24.63468421
2020-04-20,24.6960736
2020-04-21,24.7662329
2020-04-22,24.6960736
2020-04-23,24.73115325
2020-04-24,24.71361343
2020-04-27,24.59960456
2020-04-28,24.68730369
2020-04-29,24.66976386
2020-04-30,24.60837448
2020-05-01,24.64641971
2020-05-04,24.62885903
2020-05-05,24.61129835
2020-05-06,24.50593424
2020-05-07,24.62885903
2020-05-08,24.54983595
2020-05-11,24.48837356
2020-05-12,24.55861629
2020-05-13,24.61129835
2020-05-14,24.6639804
2020-05-15,24.65080988
2020-05-18,24.4971539
2020-05-19,24.54983595
2020-05-20,24.55861629
2020-05-21,24.57617698
2020-05-22,24.62007869
2020-05-26,24.54983595
2020-05-27,24.53666544
2020-05-28,24.52349493
2020-05-29,24.57178681
2020-06-01,24.53844459
2020-06-02,24.49888772
2020-06-03,24.40219315
2020-06-04,24.314289
2020-06-05,24.23078005
2020-06-08,24.25275609
2020-06-09,24.34945066
2020-06-10,24.45493564
2020-06-11,24.56481584
2020-06-12,24.50767814
2020-06-15,24.50767814
2020-06-16,24.43735481
2020-06-17,24.45493564
2020-06-18,24.51207334
2020-06-19,24.51646855
2020-06-22,24.51646855
2020-06-23,24.4857021
2020-06-24,24.547235
2020-06-25,24.56481584
2020-06-26,24.63074395
2020-06-29,24.63953437
2020-06-30,24.6043727
2020-07-01,24.57675129
2020-07-02,24.68234421
2020-07-03,
2020-07-06,24.56795188
2020-07-07,24.64274686
2020-07-08,24.62954775
2020-07-09,24.71754185
2020-07-10,24.68234421
2020-07-13,24.70434273
2020-07-14,24.70874244
2020-07-15,24.69114362
2020-07-16,24.71754185
2020-07-17,24.70874244
2020-07-20,24.72194155
2020-07-21,24.73514067
2020-07-22,24.74833978
2020-07-23,24.80553594
2020-07-24,24.80993565
2020-07-27,24.77033831
2020-07-28,24.83193417
2020-07-29,24.83633388
2020-07-30,24.88033093
2020-07-31,24.88473063
2020-08-03,24.86457833
2020-08-04,24.92623333
2020-08-05,24.86457833
2020-08-06,24.8910019
2020-08-07,24.84696262
2020-08-10,24.81613513
2020-08-11,24.72365263
2020-08-12,24.6708055
2020-08-13,24.60034265
2020-08-14,24.58713086
2020-08-17,24.60034265
2020-08-18,24.64438193
2020-08-19,24.61355443
2020-08-20,24.6708055
2020-08-21,24.69722907
2020-08-24,24.68842121
2020-08-25,24.63557407
2020-08-26,24.61795836
2020-08-27,24.51666801
2020-08-28,24.53868765
2020-08-31,24.57391908
2020-09-01,24.64931288
2020-09-02,24.7022084
2020-09-03,24.71984024
2020-09-04,24.58760144
2020-09-08,24.63168104
2020-09-09,24.6140492
2020-09-10,24.64931288
2020-09-11,24.66694472
2020-09-14,24.6581288
2020-09-15,24.6581288
2020-09-16,24.63168104
2020-09-17,24.64049696
2020-09-18,24.62286512
2020-09-21,24.6581288
2020-09-22,24.65372084
2020-09-23,24.66253676
2020-09-24,24.6801686
2020-09-25,24.69339248
2020-09-28,24.67576064
2020-09-29,24.68457656
2020-09-30,24.64049696
2020-10-01,24.64314397
2020-10-02,24.61226284
2020-10-05,24.47991513
2020-10-06,24.52844262
2020-10-07,24.46226877
2020-10-08,24.50638467
2020-10-09,24.48873831
2020-10-12,24.51079626
2020-10-13,24.56373535
2020-10-14,24.58138171
2020-10-15,24.57255853
2020-10-16,24.55491217
2020-10-19,24.51961944
2020-10-20,24.46668036
2020-10-21,24.43138764
2020-10-22,24.35197901
2020-10-23,24.39609491
2020-10-26,24.45785718
2020-10-27,24.51079626
2020-10-28,24.51079626
2020-10-29,24.44021082
2020-10-30,24.36962537
2020-11-02,24.40675627
2020-11-03,24.37143535
2020-11-04,24.52154927
2020-11-05,24.54803996
2020-11-06,24.46856788
2020-11-09,24.30520863
2020-11-10,24.26547259
2020-11-11,24.27430282
2020-11-12,24.40234116
2020-11-13,24.39351093
2020-11-16,24.38026558
2020-11-17,24.42000162
2020-11-18,24.42441673
2020-11-19,24.45973765
2020-11-20,24.52154927
2020-11-23,24.49064346
2020-11-24,24.43324696
2020-11-25,24.42441673
2020-11-26,
2020-11-27,24.47739811
2020-11-30,24.49064346
2020-12-01,24.36316698
2020-12-02,24.31859478
2020-12-03,24.38545308
2020-12-04,24.28739423
2020-12-07,24.36316698
2020-12-08,24.38545308
2020-12-09,24.36316698
2020-12-10,24.40773918
2020-12-11,24.45676861
2020-12-14,24.43448251
2020-12-15,24.41665363
2020-12-16,24.39882474
2020-12-17,24.37337189
2020-12-18,24.36445046
2020-12-21,24.39121477
2020-12-22,24.41797909
2020-12-23,24.38229333
2020-12-24,24.39121477
2020-12-28,24.40013621
2020-12-29,24.39567549
2020-12-30,24.40905765
2020-12-31,24.30200038
2021-01-04,24.42243981
2021-01-05,24.37337189
2021-01-06,24.23062887
2021-01-07,24.16817879
2021-01-08,24.13249304
2021-01-11,24.11018944
2021-01-12,24.11018944
2021-01-13,24.17710023
2021-01-14,24.13695376
2021-01-15,24.16817879
2021-01-18,
2021-01-19,24.18602167
2021-01-20,24.19494311
2021-01-21,24.15925735
2021-01-22,24.17710023
2021-01-25,24.2618539
2021-01-26,24.24847175
2021-01-27,24.27523606
2021-01-28,24.22616815
2021-01-29,24.19048239
2021-02-01,24.21333861
2021-02-02,24.15976927
2021-02-03,24.09727172
2021-02-04,24.07941527
2021-02-05,24.04370238
2021-02-08,24.05263061
2021-02-09,24.06602294
2021-02-10,24.11512816
2021-02-11,24.08387938
2021-02-12,23.99906127
2021-02-15,
2021-02-16,23.89192261
2021-02-17,23.9276355
2021-02-18,23.90531494
2021-02-19,23.82049683
2021-02-22,23.77139161
2021-02-23,23.75799927
2021-02-24,23.72228639
2021-02-25,23.49908083
2021-02-26,23.74907105
2021-03-01,23.67637121
2021-03-02,23.69424016
2021-03-03,23.62276433
2021-03-04,23.55128849
2021-03-05,23.55128849
2021-03-08,23.47534541
2021-03-09,23.56022297
2021-03-10,23.58255917
2021-03-11,23.56469021
2021-03-12,23.41727129
2021-03-15,23.45747645
2021-03-16,23.44407473
2021-03-17,23.41280405
2021-03-18,23.33239374
2021-03-19,23.35919718
2021-03-22,23.42173853
2021-03-23,23.47087817
2021-03-24,23.51555057
2021-03-25,23.48874713
2021-03-26,23.45300921
2021-03-29,23.39493509
2021-03-30,23.40386957
2021-03-31,23.39940233
2021-04-01,23.46578966
2021-04-05,23.41661388
2021-04-06,23.49261282
2021-04-07,23.47026019
2021-04-08,23.51943597
2021-04-09,23.49261282
2021-04-12,23.47920124
2021-04-13,23.53731807
2021-04-14,23.51496545
2021-04-15,23.63119911
2021-04-16,23.57755281
2021-04-19,23.56861175
2021-04-20,23.61331701
2021-04-21,23.60437596
2021-04-22,23.63119911
2021-04-23,23.62225806
2021-04-26,23.60884649
2021-04-27,23.5417886
2021-04-28,23.56861175
2021-04-29,23.5417886
2021-04-30,23.56861175
2021-05-03,23.57782822
2021-05-04,23.61361999
2021-05-05,23.63151588
2021-05-06,23.63598985
2021-05-07,23.63151588
2021-05-10,23.57782822
2021-05-11,23.5509844
2021-05-12,23.457031
2021-05-13,23.4883488
2021-05-14,23.53756248
2021-05-17,23.5196666
2021-05-18,23.50624468
2021-05-19,23.47940086
2021-05-20,23.53756248
2021-05-21,23.55545837
2021-05-24,23.57335425
2021-05-25,23.64046382
2021-05-26,23.62256794
2021-05-27,23.61361999
2021-05-28,23.61361999
2021-05-31,
2021-06-01,23.58828549
2021-06-02,23.61515142
2021-06-03,23.57037487
2021-06-04,23.66888327
2021-06-07,23.64201734
2021-06-08,23.70022686
2021-06-09,23.74948106
2021-06-10,23.80321292
2021-06-11,23.78082464
2021-06-14,23.72709279
2021-06-15,23.71365982
2021-06-16,23.646495
2021-06-17,23.72709279
2021-06-18,23.83007885
2021-06-21,23.74948106
2021-06-22,23.77186933
2021-06-23,23.74052575
2021-06-24,23.74948106
2021-06-25,23.68231624
2021-06-28,23.74948106
2021-06-29,23.75843637
2021-06-30,23.82112354
2021-07-01,23.77748517
2021-07-02,23.78644766
2021-07-05,
2021-07-06,23.93432874
2021-07-07,23.99258493
2021-07-08,24.04187862
2021-07-09,23.93880999
2021-07-12,23.92536625
2021-07-13,23.86262883
2021-07-14,23.93880999
2021-07-15,24.01499115
2021-07-16,23.99706617
2021-07-19,24.15390974
2021-07-20,24.12254103
2021-07-21,24.02395364
2021-07-22,24.08669107
2021-07-23,24.05532235
2021-07-26,24.0194724
2021-07-27,24.07324733
2021-07-28,24.1001348
2021-07-29,24.07324733
2021-07-30,24.1001348
2021-08-02,24.1833772
2021-08-03,24.18786225
2021-08-04,24.18786225
2021-08-05,24.13852672
2021-08-06,24.01294539
2021-08-09,23.977065
2021-08-10,23.94118462
2021-08-11,23.95463977
2021-08-12,23.93221453
2021-08-13,24.03985567
2021-08-16,24.06676596
2021-08-17,24.06228091
2021-08-18,24.07125101
2021-08-19,24.11610148
2021-08-20,24.11161644
2021-08-23,24.11161644
2021-08-24,24.05779586
2021-08-25,23.9950052
2021-08-26,23.77075281
2021-08-27,24.06676596
2021-08-30,24.09367624
2021-08-31,24.07573605
2021-09-01,24.06920941
2021-09-02,24.09614251
2021-09-03,24.04676516
2021-09-06,
2021-09-07,23.97943243
2021-09-08,24.02880977
2021-09-09,24.10063135
2021-09-10,24.03329862
2021-09-13,24.07818711
2021-09-14,24.14551985
2021-09-15,24.1230756
2021-09-16,24.06920941
2021-09-17,24.02432092
2021-09-20,24.1230756
2021-09-21,24.1051202
2021-09-22,24.1320533
2021-09-23,23.97045473
2021-09-24,23.89863314
2021-09-27,23.86272235
2021-09-28,23.76845651
2021-09-29,23.79090076
2021-09-30,23.81783386
2021-10-01,23.87711557
2021-10-04,23.86363836
2021-10-05,23.78726753
2021-10-06,23.80972954
2021-10-07,23.73785111
2021-10-08,23.69292709
2021-10-11,23.62104866
2021-10-12,23.74683591
2021-10-13,23.80074474
2021-10-14,23.81871434
2021-10-15,23.75582072
2021-10-18,23.75132832
2021-10-19,23.67944989
2021-10-20,23.64800308
2021-10-21,23.60757146
2021-10-22,23.66148028
2021-10-25,23.67495749
2021-10-26,23.7108967
2021-10-27,23.82769915
2021-10-28,23.76480552
2021-10-29,23.80074474
2021-11-01,23.75221506
2021-11-02,23.81066268
2021-11-03,23.74771909
2021-11-04,23.83763851
2021-11-05,23.93654987
2021-11-08,23.88259822
2021-11-09,23.97701361
2021-11-10,23.81066268
2021-11-11,23.76570297
2021-11-12,23.761207
2021-11-15,23.68027952
2021-11-16,23.66679161
2021-11-17,23.7297352
2021-11-18,23.761207
2021-11-19,23.80616671
2021-11-22,23.68477549
2021-11-23,23.59485607
2021-11-24,23.66679161
2021-11-25,
2021-11-26,23.9005821
2021-11-29,23.8691103
2021-11-30,23.94554181
2021-12-01,24.00120271
2021-12-02,23.9652054
2021-12-03,24.05969833
2021-12-06,23.95620608
2021-12-07,23.88421147
2021-12-08,23.78971855
2021-12-09,23.83021551
2021-12-10,23.82571585
2021-12-13,23.92020877
2021-12-14,23.90221012
2021-12-15,23.85721349
2021-12-16,23.89204495
2021-12-17,23.94608916
2021-12-20,23.9325781
2021-12-21,23.85151179
2021-12-22,23.87853389
2021-12-23,23.98662232
2021-12-27,23.83349705
2021-12-28,23.81548231
2021-12-29,23.74342337
2021-12-30,23.79746758
2021-12-31,24.03165916
2022-01-03,23.61732021
2022-01-04,23.60831284
2022-01-05,23.53625389
2022-01-06,23.51373547
2022-01-07,23.46419494
2022-01-10,23.46419494
2022-01-11,23.5047281
2022-01-12,23.48220968
2022-01-13,23.54526126
2022-01-14,23.4191581
2022-01-17,
2022-01-18,23.26603284
2022-01-19,23.34709915
2022-01-20,23.37412126
2022-01-21,23.47320231
2022-01-24,23.45518757
2022-01-25,23.41015073
2022-01-26,23.29305494
2022-01-27,23.38312863
2022-01-28,23.40564705
2022-01-31,23.40114336
2022-02-01,23.35921232
2022-02-02,23.3952744
2022-02-03,23.32315024
2022-02-04,23.17890192
2022-02-07,23.17890192
2022-02-08,23.13382432
2022-02-09,23.12931656
2022-02-10,22.93548288
2022-02-11,23.09776224
2022-02-14,22.98506824
2022-02-15,22.90843632
2022-02-16,22.97154496
2022-02-17,23.04366912
2022-02-18,23.09776224
2022-02-21,
2022-02-22,23.10677776
2022-02-23,22.99859152
2022-02-24,23.00760704
2022-02-25,23.03916136
2022-02-28,23.22397952
2022-03-01,23.39747083
2022-03-02,23.07714295
2022-03-03,23.16286449
2022-03-04,23.30723763
2022-03-07,23.21700442
2022-03-08,23.10872457
2022-03-09,23.01849136
2022-03-10,22.91923483
2022-03-11,22.91923483
2022-03-14,22.71169845
2022-03-15,22.558302
2022-03-16,22.71169845
2022-03-17,22.66207019
2022-03-18,22.72523343
2022-03-21,22.49513875
2022-03-22,22.41392887
2022-03-23,22.52220872
2022-03-24,22.47258045
2022-03-25,22.2966257
2022-03-28,22.33723064
2022-03-29,22.40490555
2022-03-30,22.47709211
2022-03-31,22.47709211
2022-04-01,22.41945378
2022-04-04,22.40138814
2022-04-05,22.22073179
2022-04-06,22.18460052
2022-04-07,22.15750206
2022-04-08,22.06717389
2022-04-11,21.99491134
2022-04-12,22.04910825
2022-04-13,22.08523952
2022-04-14,21.91361598
2022-04-18,21.89103394
2022-04-19,21.78715653
2022-04-20,21.90458317
2022-04-21,21.83232062
2022-04-22,21.79618935
2022-04-25,21.90006676
2022-04-26,22.01297698
2022-04-27,21.9226488
2022-04-28,21.90458317
2022-04-29,21.81425499
2022-05-02,21.67489168
2022-05-03,21.71106171
2022-05-04,21.80148679
2022-05-05,21.62967914
2022-05-06,21.54829656
2022-05-09,21.66584917
2022-05-10,21.7020192
2022-05-11,21.79244428
2022-05-12,21.82409306
2022-05-13,21.74271049
2022-05-16,21.76531676
2022-05-17,21.63872164
2022-05-18,21.75627425
2022-05-19,21.8105293
2022-05-20,21.89643312
2022-05-23,21.78792303
2022-05-24,21.96425193
2022-05-25,22.01850698
2022-05-26,21.97329444
2022-05-27,21.90095438
2022-05-30,
2022-05-31,21.8195718
2022-06-01,21.76244992
2022-06-02,21.77150252
2022-06-03,21.74434472
2022-06-06,21.59950312
2022-06-07,21.69002912
2022-06-08,21.62213462
2022-06-09,21.62666092
2022-06-10,21.47276673
2022-06-13,21.18308353
2022-06-14,21.07445233
2022-06-15,21.35508293
2022-06-16,21.35508293
2022-06-17,21.36413553
2022-06-20,
2022-06-21,21.27360953
2022-06-22,21.46371413
2022-06-23,21.54518752
2022-06-24,21.48181933
2022-06-27,21.40939853
2022-06-28,21.42750373
2022-06-29,21.54518752
2022-06-30,21.63571352
2022-07-01,21.81788877
2022-07-04,
2022-07-05,21.85414616
2022-07-06,21.68192353
2022-07-07,21.61847308
2022-07-08,21.52782959
2022-07-11,21.63660178
2022-07-12,21.6864557
2022-07-13,21.72724527
2022-07-14,21.66379483
2022-07-15,21.70911657
2022-07-18,21.64566613
2022-07-19,21.57315133
2022-07-20,21.55502264
2022-07-21,21.75897049
2022-07-22,21.93572531
2022-07-25,21.86321051
2022-07-26,21.86321051
2022-07-27,21.87680704
2022-07-28,21.98104705
2022-07-29,21.9901114
2022-08-01,22.11477485
2022-08-02,21.8968953
2022-08-03,21.97860013
2022-08-04,22.01491339
2022-08-05,21.79249468
2022-08-08,21.86966035
2022-08-09,21.82426878
2022-08-10,21.82426878
2022-08-11,21.70625069
2022-08-12,21.76072058
2022-08-15,21.77887721
2022-08-16,21.78795552
2022-08-17,21.69717237
2022-08-18,21.715329
2022-08-19,21.61546754
2022-08-22,21.55645849
2022-08-23,21.52922355
2022-08-24,21.4702145
2022-08-25,21.56553681
2022-08-26,21.57915428
2022-08-29,21.49744945
2022-08-30,21.50652776
2022-08-31,21.42482293
2022-09-01,21.31175442
2022-09-02,21.39358283
2022-09-05,
2022-09-06,21.22537999
2022-09-07,21.32993851
2022-09-08,21.27538624
2022-09-09,21.25265612
2022-09-12,21.21174192
2022-09-13,21.1480976
2022-09-14,21.14355158
2022-09-15,21.1071834
2022-09-16,21.10263737
2022-09-19,21.07536124
2022-09-20,20.98898681
2022-09-21,21.06626919
2022-09-22,20.85715215
2022-09-23,20.85260612
2022-09-26,20.66621919
2022-09-27,20.52983851
2022-09-28,20.82078397
2022-09-29,20.77532374
2022-09-30,20.69349533
2022-10-03,20.84712083
2022-10-04,20.86078212
2022-10-05,20.76515312
2022-10-06,20.69229294
2022-10-07,20.61032523
2022-10-10,20.53746504
2022-10-11,20.56023385
2022-10-12,20.61943275
2022-10-13,20.50558871
2022-10-14,20.44638981
2022-10-17,20.44638981
2022-10-18,20.49192743
2022-10-19,20.34620705
2022-10-20,20.21870173
2022-10-21,20.23691677
2022-10-24,20.19593292
2022-10-25,20.36897586
2022-10-26,20.44638981
2022-10-27,20.55568009
2022-10-28,20.47371238
2022-10-31,20.41906724
2022-11-01,20.42819522
2022-11-02,20.39624764
2022-11-03,20.33691642
2022-11-04,20.29127702
2022-11-07,20.22738186
2022-11-08,20.31409672
2022-11-09,20.36430006
2022-11-10,20.69290373
2022-11-11,20.65639221
2022-11-14,20.61988069
2022-11-15,20.73854313
2022-11-16,20.85720557
2022-11-17,20.77505465
2022-11-18,20.71115949
2022-11-21,20.72028737
2022-11-22,20.80243829
2022-11-23,20.89371709
2022-11-24,
2022-11-25,20.88458921
2022-11-28,20.92110073
2022-11-29,20.83894981
2022-11-30,20.96674013
2022-12-01,21.16490728
2022-12-02,21.21063958
2022-12-05,21.07344269
2022-12-06,21.15576082
2022-12-07,21.31125064
2022-12-08,21.25637188
2022-12-09,21.12374822
2022-12-12,21.11002853
2022-12-13,21.24722542
2022-12-14,21.2746648
2022-12-15,21.31351738
2022-12-16,21.26771141
2022-12-19,21.15319648
2022-12-20,21.03868156
2022-12-21,21.07074574
2022-12-22,21.05700395
2022-12-23,20.96997261
2022-12-26,
2022-12-27,20.84629649
2022-12-28,20.81881291
2022-12-29,20.88294127
2022-12-30,20.81423231
2023-01-02,
2023-01-03,20.92416664
2023-01-04,21.02493977
2023-01-05,21.01577858
2023-01-06,21.19900245
2023-01-09,21.25396962
2023-01-10,21.16235768
2023-01-11,21.24480842
2023-01-12,21.4188711
2023-01-13,21.33183976
2023-01-16,
2023-01-17,21.29977559
2023-01-18,21.49216065
2023-01-19,21.46009648
2023-01-20,21.34100096
2023-01-23,21.29061439
2023-01-24,21.38680693
2023-01-25,21.40970991
2023-01-26,21.36390394
2023-01-27,21.32725917
2023-01-30,21.29061439
2023-01-31,21.37306514
2023-02-01,21.49595566
2023-02-02,21.49136643
2023-02-03,21.32615413
2023-02-06,21.21142337
2023-02-07,21.16553107
2023-02-08,21.22060183
2023-02-09,21.14717414
2023-02-10,21.064568
2023-02-13,21.10587107
2023-02-14,21.04621107
2023-02-15,20.99114031
2023-02-16,20.92689108
2023-02-17,20.99114031
2023-02-20,
2023-02-21,20.82592801
2023-02-22,20.88099878
2023-02-23,20.93606954
2023-02-24,20.82592801
2023-02-27,20.86264185
2023-02-28,20.88558801
2023-03-01,20.77570076
2023-03-02,20.72053183
2023-03-03,20.84925934
2023-03-06,20.81248005
2023-03-07,20.80328523
2023-03-08,20.79409041
2023-03-09,20.89983086
2023-03-10,21.19406517
2023-03-13,21.39175385
2023-03-14,21.23084446
2023-03-15,21.47910466
2023-03-16,21.3319875
2023-03-17,21.53427359
2023-03-20,21.46071501
2023-03-21,21.30440304
2023-03-22,21.4974943
2023-03-23,21.58484511
2023-03-24,21.60783217
2023-03-27,21.39635126
2023-03-28,21.38715644
2023-03-29,21.35957197
2023-03-30,21.39635126
2023-03-31,21.4974943
2023-04-03,21.560587
2023-04-04,21.65731255
2023-04-05,21.73100821
2023-04-06,21.73100821
2023-04-10,21.57440493
2023-04-11,21.57901091
2023-04-12,21.61125276
2023-04-13,21.57440493
2023-04-14,21.4730734
2023-04-17,21.37634784
2023-04-18,21.39477176
2023-04-19,21.36252991
2023-04-20,21.46386144
2023-04-21,21.41780165
2023-04-24,21.49610329
2023-04-25,21.68494843
2023-04-26,21.59743483
2023-04-27,21.47767938
2023-04-28,21.59282885
2023-05-01,21.40256433
2023-05-02,21.6194978
2023-05-03,21.71642552
2023-05-04,21.70719431
2023-05-05,21.6194978
2023-05-08,21.50872326
2023-05-09,21.49026084
2023-05-10,21.61026659
2023-05-11,21.67026947
2023-05-12,21.57334174
2023-05-15,21.52718568
2023-05-16,21.48564523
2023-05-17,21.43948917
2023-05-18,21.34717706
2023-05-19,21.27794297
2023-05-22,21.25948055
2023-05-23,21.27332736
2023-05-24,21.2225557
2023-05-25,21.1440904
2023-05-26,21.15793722
2023-05-29,
2023-05-30,21.28255857
2023-05-31,21.35640827
2023-06-01,21.40760516
2023-06-02,21.27808637
2023-06-05,21.27808637
2023-06-06,21.29658905
2023-06-07,21.19482429
2023-06-08,21.28733771
2023-06-09,21.24570667
2023-06-12,21.26420936
2023-06-13,21.1624446
2023-06-14,21.18557295
2023-06-15,21.29658905
2023-06-16,21.241081
2023-06-19,
2023-06-20,21.29196338
2023-06-21,21.3058404
2023-06-22,21.21795265
2023-06-23,21.26883503
2023-06-26,21.31046607
2023-06-27,21.25958369
2023-06-28,21.31509174
2023-06-29,21.15781893
2023-06-30,21.18557295
2023-07-03,21.14906043
2023-07-04,
2023-07-05,21.07488573
2023-07-06,20.96362368
2023-07-07,20.94508001
2023-07-10,21.00534695
2023-07-11,21.02852654
2023-07-12,21.1676041
2023-07-13,21.30668166
2023-07-14,21.20469145
2023-07-17,21.23714288
2023-07-18,21.26032247
2023-07-19,21.32986125
2023-07-20,21.21396328
2023-07-21,21.2185992
2023-07-24,21.17687594
2023-07-25,21.15833226
2023-07-26,21.20469145
2023-07-27,21.0424343
2023-07-28,21.10270124
2023-07-31,21.12124491
2023-08-01,21.01412452
2023-08-02,20.9722915
2023-08-03,20.85608864
2023-08-04,21.00947641
2023-08-07,20.9722915
2023-08-08,21.04666132
2023-08-09,21.06060567
2023-08-10,20.94440281
2023-08-11,20.88862544
2023-08-14,20.85608864
2023-08-15,20.82819995
2023-08-16,20.7770707
2023-08-17,20.7770707
2023-08-18,20.80031127
2023-08-21,20.69805276
2023-08-22,20.71664521
2023-08-23,20.88862544
2023-08-24,20.8421443
2023-08-25,20.82819995
2023-08-28,20.86073675
2023-08-29,20.9722915
2023-08-30,20.96764338
2023-08-31,21.01412452
2023-09-01,20.91906154
2023-09-04,
2023-09-05,20.8165628
2023-09-06,20.79792666
2023-09-07,20.85383507
2023-09-08,20.85383507
2023-09-11,20.82588086
2023-09-12,20.844517
2023-09-13,20.86315313
2023-09-14,20.82588086
2023-09-15,20.78394956
2023-09-18,20.80258569
2023-09-19,20.75133632
2023-09-20,20.74201826
2023-09-21,20.61156531
2023-09-22,20.67679178
2023-09-25,20.55565691
2023-09-26,20.54633884
2023-09-27,20.4857714
2023-09-28,20.53702077
2023-09-29,20.53702077
2023-10-02,20.42833734
2023-10-03,20.30226532
2023-10-04,20.41432934
2023-10-05,20.42366801
2023-10-06,20.33028132
2023-10-09,20.51238536
2023-10-10,20.49837736
2023-10-11,20.58709471
2023-10-12,20.42833734
2023-10-13,20.53573203
2023-10-16,20.43300668
2023-10-17,20.31160399
2023-10-18,20.24623331
2023-10-19,20.17152396
2023-10-20,20.24623331
2023-10-23,20.32094266
2023-10-24,20.36296666
2023-10-25,20.23689464
2023-10-26,20.35829733
2023-10-27,20.35829733
2023-10-30,20.33028132
2023-10-31,20.29292665
2023-11-01,20.45827823
2023-11-02,20.56127185
2023-11-03,20.668947
2023-11-06,20.59404255
2023-11-07,20.67831006
2023-11-08,20.74853298
2023-11-09,20.59872408
2023-11-10,20.61745019
2023-11-13,20.61745019
2023-11-14,20.82343743
2023-11-15,20.71576229
2023-11-16,20.81407438
2023-11-17,20.83280049
2023-11-20,20.86088966
2023-11-21,20.87961577
2023-11-22,20.87961577
2023-11-23,
2023-11-24,20.80471132
2023-11-27,20.91238647
2023-11-28,20.98260939
2023-11-29,21.08092148
2023-11-30,21.00133551
2023-12-01,21.16535536
2023-12-04,21.10903956
2023-12-05,21.23105713
2023-12-06,21.2967589
2023-12-07,21.28267995
2023-12-08,21.17943431
2023-12-11,21.17943431
2023-12-12,21.20289923
2023-12-13,21.45162735
2023-12-14,21.61694939
2023-12-15,21.60753844
2023-12-18,21.55577823
2023-12-19,21.58401107
2023-12-20,21.64518224
2023-12-21,21.64518224
2023-12-22,21.62636034
2023-12-25,
2023-12-26,21.64047677
2023-12-27,21.76752457
2023-12-28,21.72046983
2023-12-29,21.68282604
2024-01-01,
2024-01-02,21.61694939
2024-01-03,21.64988771
2024-01-04,21.54636728
2024-01-05,21.48519611
2024-01-08,21.54636728
2024-01-09,21.53225085
2024-01-10,21.50401801
2024-01-11,21.59342202
2024-01-12,21.63577129
2024-01-15,
2024-01-16,21.49460706
2024-01-17,21.44755232
2024-01-18,21.40049757
2024-01-19,21.40049757
2024-01-22,21.44755232
2024-01-23,21.40990852
2024-01-24,21.36285378
2024-01-25,21.43343589
2024-01-26,21.41461399
2024-01-29,21.49931253
2024-01-30,21.52283991
2024-01-31,21.64518224
2024-02-01,21.77084285
2024-02-02,21.56332182
2024-02-05,21.40296466
2024-02-06,21.49257601
2024-02-07,21.45956131
2024-02-08,21.41239743
2024-02-09,21.3888155
2024-02-12,21.40768105
2024-02-13,21.22845834
2024-02-14,21.28505498
2024-02-15,21.33221885
2024-02-16,21.26618943
2024-02-19,
2024-02-20,21.29920414
2024-02-21,21.24732389
2024-02-22,21.24732389
2024-02-23,21.32750247
2024-02-26,21.29920414
2024-02-27,21.26147305
2024-02-28,21.31806969
2024-02-29,21.36523356
2024-03-01,21.44410398
2024-03-04,21.40155615
2024-03-05,21.50556195
2024-03-06,21.54338224
2024-03-07,21.57647499
2024-03-08,21.57647499
2024-03-11,21.55756484
2024-03-12,21.48192427
2024-03-13,21.45355905
2024-03-14,21.34009818
2024-03-15,21.31173296
2024-03-18,21.29282282
2024-03-19,21.33064311
2024-03-20,21.37319093
2024-03-21,21.37791847
2024-03-22,21.46301412
2024-03-25,21.41573876
2024-03-26,21.43937644
2024-03-27,21.50083441
2024-03-28,21.52919963
2024-04-01,21.33796463
2024-04-02,21.30952665
2024-04-03,21.31900597
2024-04-04,21.38536126
2024-04-05,21.276349
2024-04-08,21.24791102
2024-04-09,21.31900597
2024-04-10,21.09150213
2024-04-11,21.0820228
2024-04-12,21.13889876
2024-04-15,21.03462617
2024-04-16,20.97775021
2024-04-17,21.06780381
2024-04-18,21.02040718
2024-04-19,21.05358482
2024-04-22,21.05358482
2024-04-23,21.07254348
2024-04-24,21.01566752
2024-04-25,20.96827088
2024-04-26,21.00144853
2024-04-29,21.05832449
2024-04-30,21.00144853
2024-05-01,21.05813874
2024-05-02,21.1294256
2024-05-03,21.22447475
2024-05-06,21.23397966
2024-05-07,21.27675178
2024-05-08,21.24348458
2024-05-09,21.28150424
2024-05-10,21.23397966
2024-05-13,21.25774195
2024-05-14,21.30526652
2024-05-15,21.4193255
2024-05-16,21.39556321
2024-05-17,21.3527911
2024-05-20,21.32902881
2024-05-21,21.36229601
2024-05-22,21.3527911
2024-05-23,21.30051407
2024-05-24,21.3195239
2024-05-27,
2024-05-28,21.22447475
2024-05-29,21.14368297
2024-05-30,21.21972229
2024-05-31,21.30051407
2024-06-03,21.40954892
2024-06-04,21.49532054
2024-06-05,21.5620318
2024-06-06,21.5620318
2024-06-07,21.38572347
2024-06-10,21.35713293
2024-06-11,21.43337437
2024-06-12,21.51914599
2024-06-13,21.62397797
2024-06-14,21.67639396
2024-06-17,21.59538743
2024-06-18,21.68115905
2024-06-19,
2024-06-20,21.63350815
2024-06-21,21.62874306
2024-06-24,21.64780342
2024-06-25,21.66686378
2024-06-26,21.5620318
2024-06-27,21.60491761
2024-06-28,21.50961581
2024-07-01,21.38595851
2024-07-02,21.44329352
2024-07-03,21.55796353
2024-07-04,
2024-07-05,21.64874397
2024-07-08,21.64396605
2024-07-09,21.63441021
2024-07-10,21.64396605
2024-07-11,21.75863607
2024-07-12,21.80163732
2024-07-15,21.74908023
2024-07-16,21.83030483
2024-07-17,21.83508275
2024-07-18,21.77774774
2024-07-19,21.7395244
2024-07-22,21.72041273
2024-07-23,21.72996856
2024-07-24,21.69174522
2024-07-25,21.72996856
2024-07-26,21.80163732
2024-07-29,21.83030483
2024-07-30,21.86375025
2024-07-31,21.9879761
2024-08-01,22.07649946
2024-08-02,22.36874478
2024-08-05,22.3831175
2024-08-06,22.21064485
2024-08-07,22.16273578
2024-08-08,22.11003581
2024-08-09,22.16273578
2024-08-12,22.22022667
2024-08-13,22.29688118
2024-08-14,22.32083571
2024-08-15,22.20585395
2024-08-16,22.25376302
2024-08-19,22.27771755
2024-08-20,22.35437206
2024-08-21,22.38790841
2024-08-22,22.30646299
2024-08-23,22.3831175
2024-08-26,22.36874478
2024-08-27,22.35916297
2024-08-28,22.35437206
2024-08-29,22.32083571
2024-08-30,22.26813574
2024-09-02,
2024-09-03,22.37657715
2024-09-04,22.49667471
2024-09-05,22.53510592
2024-09-06,22.56873324
2024-09-09,22.59755665
2024-09-10,22.67922299
2024-09-11,22.66000738
2024-09-12,22.62157617
2024-09-13,22.66961519
2024-09-16,22.72726202
2024-09-17,22.6888308
2024-09-18,22.60716446
2024-09-19,22.59275275
2024-09-20,22.58794885
2024-09-23,22.57834105
2024-09-24,22.59755665
2024-09-25,22.52549812
2024-09-26,22.51589031
2024-09-27,22.58794885
2024-09-30,22.53030202
2024-10-01,22.58535953
2024-10-02,22.52755951
2024-10-03,22.44567614
2024-10-04,22.28190941
2024-10-07,22.21447604
2024-10-08,22.24337606
2024-10-09,22.17594269
2024-10-10,22.16630936
2024-10-11,22.17594269
2024-10-14,22.15667602
2024-10-15,22.24819273
2024-10-16,22.27227607
2024-10-17,22.17112603
2024-10-18,22.1903927
2024-10-21,22.06997598
2024-10-22,22.06034265
2024-10-23,22.0218093
2024-10-24,22.05552598
2024-10-25,22.0218093
2024-10-28,21.99290928
2024-10-29,21.99772595
2024-10-30,21.97845928
2024-10-31,21.98327595
2024-11-01,21.89434422
2024-11-04,21.995774
2024-11-05,22.01026397
2024-11-06,21.83155435
2024-11-07,21.94747411
2024-11-08,21.995774
2024-11-11,21.9523041
2024-11-12,21.84121433
2024-11-13,21.83155435
2024-11-14,21.84121433
2024-11-15,21.84604432
2024-11-18,21.87019427
2024-11-19,21.90883419
2024-11-20,21.87502426
2024-11-21,21.86053429
2024-11-22,21.87019427
2024-11-25,22.06339386
2024-11-26,22.02958393
2024-11-27,22.0923738
2024-11-28,
2024-11-29,22.16482365
2024-12-02,22.18200737
2024-12-03,22.13357504
2024-12-04,22.20622353
2024-12-05,22.21106677
2024-12-06,22.25465586
2024-12-09,22.2013803
2024-12-10,22.15294797
2024-12-11,22.10451564
2024-12-12,22.02218068
2024-12-13,21.95921865
2024-12-16,21.96406188
2024-12-17,21.97374835
2024-12-18,21.84243244
2024-12-19,21.78900421
2024-12-20,21.82300399
2024-12-23,21.76471865
2024-12-24,21.77928998
2024-12-25,
2024-12-26,21.79386132
2024-12-27,21.75014731
2024-12-30,21.83271822
2024-12-31,22.32328652
2025-01-01,
2025-01-02,21.82300399
2025-01-03,21.79871843
2025-01-06,21.78900421
2025-01-07,21.71129042
2025-01-08,21.73557598
2025-01-09,
2025-01-10,21.63357663
2025-01-13,21.61900529
2025-01-14,21.61414818
2025-01-15,21.76957576
2025-01-16,21.81328977
2025-01-17,21.81328977
2025-01-20,
2025-01-21,21.87157511
2025-01-22,21.83757533
2025-01-23,21.78900421
2025-01-24,21.83757533
2025-01-27,21.94443179
2025-01-28,21.93957468
2025-01-29,21.91528912
2025-01-30,21.95414601
2025-01-31,21.93471757
2025-02-03,21.95167495
2025-02-04,21.98577653
2025-02-05,22.08808128
2025-02-06,22.07833797
2025-02-07,22.01013481
2025-02-10,22.00526315
2025-02-11,21.97116157
2025-02-12,21.85424186
2025-02-13,21.97603322
2025-02-14,22.04423639
2025-02-17,
2025-02-18,21.95654661
2025-02-19,21.98577653
2025-02-20,22.01500646
2025-02-21,22.11243955
2025-02-24,22.15141278
2025-02-25,22.2780758
2025-02-26,22.331664
2025-02-27,22.30730573
2025-02-28,22.40961047
2025-03-03,22.45485212
2025-03-04,22.4011207
2025-03-05,22.31319654
2025-03-06,22.30831187
2025-03-07,22.27900382
2025-03-10,22.39623602
2025-03-11,22.33761992
2025-03-12,22.27900382
2025-03-13,22.35227394
2025-03-14,22.29365784
2025-03-17,22.30831187
2025-03-18,22.33761992
2025-03-19,22.38646667
2025-03-20,22.40600537
2025-03-21,22.39135135
2025-03-24,22.29365784
2025-03-25,22.31319654
2025-03-26,22.26923446
2025-03-27,22.26434979
2025-03-28,22.4011207
2025-03-31,22.45485212
2025-04-01,22.5102017
2025-04-02,22.49060205
2025-04-03,22.6571991
2025-04-04,22.70619823
2025-04-07,22.49060205
2025-04-08,22.39260378
2025-04-09,22.3632043
2025-04-10,22.23580656
2025-04-11,22.18680742
2025-04-14,22.29460552
2025-04-15,22.33380482
2025-04-16,22.40240361
2025-04-17,22.35340447
2025-04-21,22.26030612
2025-04-22,22.28480569
2025-04-23,22.31420517
2025-04-24,22.40240361
2025-04-25,22.46120257
2025-04-28,22.52980135
2025-04-29,22.59840014
2025-04-30,22.61799979
2025-05-01,22.51395987
2025-05-02,22.41568855
2025-05-05,22.37638002
2025-05-06,22.41568855
2025-05-07,22.45008351
2025-05-08,22.32724436
2025-05-09,22.34689862
2025-05-12,22.23880017
2025-05-13,22.21423234
2025-05-14,22.15035598
2025-05-15,22.263368
2025-05-16,22.27319513
2025-05-19,22.263368
2025-05-20,22.2338866
2025-05-21,22.12087458
2025-05-22,22.17001024
2025-05-23,22.20931877
2025-05-26,
2025-05-27,22.28793583
2025-05-28,22.2486273
2025-05-29,22.32233079
2025-05-30,22.36655289
2025-06-02,22.29561495
2025-06-03,22.27590176
2025-06-04,22.41389407
2025-06-05,22.3744677
2025-06-06,22.25618857
2025-06-09,22.28083006
2025-06-10,22.30547154
2025-06-11,22.36461111
2025-06-12,22.44346385
2025-06-13,22.3744677
2025-06-16,22.32518473
2025-06-17,22.40403748
2025-06-18,22.42375067
2025-06-19,
2025-06-20,22.42867896
2025-06-23,22.48289023
2025-06-24,22.54202979
2025-06-25,22.56174298
2025-06-26,22.61595424
2025-06-27,22.57159957
2025-06-30,22.65045232
2025-07-01,22.62180557
2025-07-02,22.5773231
2025-07-03,22.51801314
2025-07-04,
2025-07-07,22.45870319
2025-07-08,22.4438757
2025-07-09,22.53778313
2025-07-10,22.52295564
2025-07-11,22.44881819
2025-07-14,22.4438757
2025-07-15,22.37468075
2025-07-16,22.41422072
2025-07-17,22.39939323
2025-07-18,22.44881819
2025-07-21,22.50812815
2025-07-22,22.55261062
2025-07-23,22.50318565
2025-07-24,22.47847317
2025-07-25,22.52295564
2025-07-28,22.48341567
2025-07-29,22.59709308
2025-07-30,22.54766812
2025-07-31,22.55755311
2025-08-01,22.74894782
2025-08-04,22.76877694
2025-08-05,22.76877694
2025-08-06,22.74894782
2025-08-07,22.73407599
2025-08-08,22.69441777
2025-08-11,22.70433232
2025-08-12,22.68450321
2025-08-13,22.75886238
2025-08-14,22.69937505
2025-08-15,22.65971682
2025-08-18,22.63988771
2025-08-19,22.68946049
2025-08-20,22.7092896
2025-08-21,22.65971682
2025-08-22,22.7539051
2025-08-25,22.71920416
2025-08-26,22.7539051
2025-08-27,22.76877694
2025-08-28,22.80843516
2025-08-29,22.78860605
2025-09-01,
2025-09-02,22.73714944
2025-09-03,22.80675803
2025-09-04,22.8614505
2025-09-05,22.97580747
2025-09-08,23.05536015
2025-09-09,23.00563972
2025-09-10,23.04541606
2025-09-11,23.07524831
2025-09-12,23.04541606
2025-09-15,23.06530423
2025-09-16,23.09016444
2025-09-17,23.0503881
2025-09-18,22.98077951
2025-09-19,22.98575155
2025-09-22,22.95094726
2025-09-23,23.00563972
2025-09-24,22.96586338
2025-09-25,22.93105909
2025-09-26,22.93603113
2025-09-29,22.9907236
2025-09-30,22.9907236
2025-10-01,23.03581781
2025-10-02,23.05576224
2025-10-03,23.02584559
2025-10-06,22.97598451
2025-10-07,23.02085948
2025-10-08,23.02584559
2025-10-09,23.01587337
2025-10-10,23.14052607
2025-10-13,23.15049828
2025-10-14,23.19038715
2025-10-15,23.16545661
2025-10-16,23.25022044
2025-10-17,23.21531768
2025-10-20,23.24523433
2025-10-21,23.28013708
2025-10-22,23.29509541
2025-10-23,23.2252899
2025-10-24,23.24024822
2025-10-27,23.25022044
2025-10-28,23.26517876
2025-10-29,23.16545661
2025-10-30,23.13055385
2025-10-31,23.13553996
2025-11-03,23.115
2025-11-04,23.135
2025-11-05,23.05
2025-11-06,23.135
2025-11-07,23.145
2025-11-10,23.12
2025-11-11,23.175
2025-11-12,23.185
2025-11-13,23.12
2025-11-14,23.09
2025-11-17,23.11
2025-11-18,23.125
2025-11-19,23.12
2025-11-20,23.165
2025-11-21,23.205
2025-11-24,23.23
2025-11-25,23.28
2025-11-26,23.295
2025-11-27,
2025-11-28,23.27
